review,rating,date,bank
selman yusufmohmmde,5,2026-07-27,CBE
"Almost Perfect! Easily one of the best and simplest updates so far! The app works great, but it’s really missing a dark mode toggle. Add dark mode and it's an instant 5 stars! 🌙✨",4,2026-07-27,CBE
best apps,1,2026-07-27,CBE
i hite yoy,5,2026-07-27,CBE
Thank you 👏🏼❤️👏🏼,5,2026-07-27,CBE
ሙሉ,2,2026-07-27,CBE
The app stops while log in,4,2026-07-27,CBE
ldont sperinse,5,2026-07-27,CBE
"Frequently asking update, i hope it will be solved!",5,2026-07-27,CBE
i cant login in this app,1,2026-07-27,CBE
Tolaa Damee,5,2026-07-26,CBE
it is best app,5,2026-07-26,CBE
ወሸሸ,5,2026-07-26,CBE
good,5,2026-07-26,CBE
very nice application,5,2026-07-26,CBE
"It has a good design however I faced a compatability problem on the new Huawei model smartphone, the app log in normally but then quit or close in 10 seconds by itself.",3,2026-07-26,CBE
Good,5,2026-07-25,CBE
no biometric after update,4,2026-07-25,CBE
why it can't open,5,2026-07-25,CBE
"ብዙ Inconvenience የሚፈጥሩ ነገሮች አሉ አስተካክሉ። እስክ አስቡ ከሌሎች ባንኮች የትኛው ባንክ ነው update ባደረገ ቁጥር ደንበኛውን ቅርንጫፍ የሚያመላልሰው? ስንት ጊዜ ነው update የሆነዉ? ስንት ደንበኛ አጥተናል ? ወጭ ሀገር ያሉ ደንበኞች ።how customers living abroad can get passphrase and activation OTP ? WHEN YOU WANT TO MAKE UPDATE, FIRST CONSIDER CUSTOMERS FROM DIFFERENT PERSPECTIVE. BY NO MEANS APPLICATION USERS CAN NOT VISIT BANK BRANCH DUE TO UPDATE FROM BANK.",4,2026-07-24,CBE
the best application mobile banking system for commercial bank of Ethiopia,5,2026-07-24,CBE
bankin daldala ltiyoophiyaa,5,2026-07-24,CBE
good!!!!!,3,2026-07-24,CBE
I'm very happy in this app b/c eseay for use,4,2026-07-24,CBE
it was great,5,2026-07-24,CBE
ok,5,2026-07-24,CBE
Nice App,5,2026-07-24,CBE
vcry good,5,2026-07-24,CBE
it requires updates every time. please adjust it.,4,2026-07-24,CBE
perfect,5,2026-07-23,CBE
smartphone app,5,2026-07-23,CBE
best,5,2026-07-23,CBE
very good bpp,5,2026-07-23,CBE
the app is misbehaving during log in many times.,1,2026-07-23,CBE
very good 👍👍,5,2026-07-22,CBE
Help to open CBE App,5,2026-07-22,CBE
sory,5,2026-07-22,CBE
My phone is huawei nova 24.because I don't have play or apple store. it doesn't work. Huawai doesn't have both. so For huawei user we are out of service.So what is the solutions,2,2026-07-22,CBE
it's best mobile app,5,2026-07-22,CBE
"Sometimes it doesn't sync account permanently, The other OK 🙏",4,2026-07-22,CBE
It is very helpful.,5,2026-07-21,CBE
I proud that is my bank,5,2026-07-21,CBE
very good,5,2026-07-21,CBE
derej,5,2026-07-21,CBE
I can use this app,5,2026-07-21,CBE
ገበያው ዋለ,3,2026-07-21,CBE
Its good app,4,2026-07-21,CBE
deginet abin0,1,2026-07-21,CBE
Amaizing,5,2026-07-20,CBE
👍,4,2026-07-20,CBE
it friendly to use and fast,5,2026-07-20,CBE
12 year,3,2026-07-20,CBE
great Job,5,2026-07-20,CBE
Why rooted,1,2026-07-20,CBE
vary good appelication,5,2026-07-20,CBE
salahadin.mahamde,5,2026-07-20,CBE
why should i have to update it everytime?,3,2026-07-19,CBE
Nice,5,2026-07-19,CBE
i like thise the best app,5,2026-07-19,CBE
these app are not working in huawei i try a lote i m using huawei phone what can i do ??????????????????????,3,2026-07-19,CBE
በጣም አሪፍ ነው,5,2026-07-18,CBE
😏,1,2026-07-18,CBE
Rakkooleen Aappichi qabu hedduun furameera. ከዚህ በፊት የነበረዉን ችግሮች ፈተዋል።,5,2026-07-18,CBE
it's good,5,2026-07-18,CBE
New update Keeps crushing. Doesn't work,1,2026-07-18,CBE
"What is this, it always says ""Renew me"" in a small way?",1,2026-07-18,CBE
Ican't open,5,2026-07-17,CBE
Good App,5,2026-07-17,CBE
"The disable other app accessibility security for Android phones is unnecessarily too strict. While I understand it's for security reasons, I use other safe apps that need the permission. I don't want to go and disable every single one just to use your app. It should have an option to skip, not forcefully disable them. If it's fixed its 5 stars.",1,2026-07-17,CBE
after the latest update i cant no longer use my cbe app it asks for a passphrase and i have no clue what it is fix it fast 👎👎👎👎👎👎👎,1,2026-07-17,CBE
tufaa telila,2,2026-07-17,CBE
"The previous review was the mistake. Now CBE has become police man on our phone, and now this banking app is worth 1 star...Dont police on our phone Accessibility Setting!",1,2026-07-17,CBE
"After the latest update, I can no longer use biometric login. The app says, ""Sign in with your PIN first. Biometrics will be set up automatically,""* but there is no option to enter or create a PIN—the PIN field is blank. As a result, I can't sign in or enable biometrics. Please fix this issue as soon as possible",1,2026-07-17,CBE
very usefull,5,2026-07-17,CBE
I don't like the latest update to this app. It blocks other apps running on the screen. please resolve your app problem,1,2026-07-17,CBE
"This application is great, but I think there is a problem, the transaction page doesn't work correctly. Every transaction should have been accurately recorded in the app, including the date.",3,2026-07-17,CBE
The newer version doesn`t show transaction,1,2026-07-17,CBE
it's so convenient to me having this app yes it's,5,2026-07-17,CBE
best app,5,2026-07-16,CBE
Dayyuu m dh,1,2026-07-16,CBE
Why mobile banking is not work properly?,3,2026-07-16,CBE
good 👍😊,5,2026-07-16,CBE
simple use,5,2026-07-16,CBE
dud,5,2026-07-16,CBE
is not work properly !@,3,2026-07-16,CBE
great,1,2026-07-16,CBE
It's a very good app. I love it.,5,2026-07-16,CBE
"the worst app ever, the old app version was better faster and more secure. the update is so bad it feels cheap and vibe coded. besides that, your app doesn't get to tell me what I can do with my phone. i would give it 0 stars if it was possible.",1,2026-07-16,CBE
tigsti,1,2026-07-16,CBE
"the new accessibility services security patch is unnecessarily strict, let me use my device how I want to.",1,2026-07-16,CBE
insane !,5,2026-07-16,CBE
fine application,1,2026-07-16,CBE
good app,5,2026-07-16,CBE
"I was using it fine for years. but after the update, the app keeps crashing 1 second after opening it.",1,2026-07-16,CBE
I am so happy,5,2026-07-16,CBE
I can use mobile banking,5,2026-07-16,CBE
nice,5,2026-07-16,CBE
good 👍,5,2026-07-16,CBE
This app is not worthy to be trusted with handling large amount of money. Becareful with this kind of badly developed app. Edit: It's even worse now that they wont let you have some other apps on your phone to use it as well,1,2026-07-16,CBE
very happy,5,2026-07-15,CBE
💪,5,2026-07-15,CBE
good apks,5,2026-07-15,CBE
why the least dontaion must be 5 birr since before we can donate with one birr,2,2026-07-15,CBE
It stopped working completely after the latest update. It opens when I enter my pin but closes itself back when I try to do anything in it! I have tried to fix it in many ways but it still doesn't work 😏,1,2026-07-15,CBE
It's a good application that enable us to transfer easily than the previous #889.,4,2026-07-15,CBE
"Hello CBE Support Team, After installing the latest update, the app keeps crashing after I log in. This makes it difficult to access my account and use the banking services. Please investigate and fix this issue as soon as possible. I would also like to report that the airtime purchase limit is too low and is not sufficient for many users. Please consider increasing the airtime purchase limit to better meet customer needs.",2,2026-07-15,CBE
not interested in the update accessibility option and having google play store is mandatory not usable in emulators try to compromise majority customers phone,3,2026-07-15,CBE
"not working,it closes automatically when I open it after I updated it to the latest version",1,2026-07-15,CBE
በጣም ቀርፋፋ ስራችሁ መስተንግዷችሁ 0 ነዉ ለደንበኛ ያላችሁ ንቀት ደሞ በጣም ይገርማል,1,2026-07-15,CBE
it is not working for me and stopped me from using at all.,1,2026-07-15,CBE
very nice,5,2026-07-15,CBE
disappointing app after recently upgraded,1,2026-07-14,CBE
when most app update it's working better and more future. this CBE mobile banking become the worst and confusing all the user the developer can't fix the problem . even more led you to manipulate the normal phone settings and confusing the user.,1,2026-07-14,CBE
the app kept crashing,1,2026-07-14,CBE
wow,5,2026-07-14,CBE
This app very nice for any work,5,2026-07-14,CBE
good ap,5,2026-07-14,CBE
It doesnt open,1,2026-07-14,CBE
its good but the service charge penalty is very high,2,2026-07-14,CBE
Mumtaz,5,2026-07-14,CBE
"it's best mobile banking that you can rely on, getting full service for your desire....",5,2026-07-13,CBE
so esie & perfect app,5,2026-07-13,CBE
not bad,3,2026-07-13,CBE
"The previous update was but when I tried to login after a while , it asked me to update the app which I did. Then when I came back to the app afyer the update , it kept displaying red saying some sort of app has a better of it. So , it doesn't work. I tried looking for what app was causing the problem but I couldn't find. please do something about this issue.",3,2026-07-13,CBE
"it is best to use, well I am passibg you greet goid app.",5,2026-07-13,CBE
Nice application but it has more updates which leads to fraud .,5,2026-07-13,CBE
frequent updates...,4,2026-07-13,CBE
"The New Update is Great, but won't you try to add Dark Mode? like almost 80% of uses around the world prefer Dark Mode, that's the truth...",4,2026-07-13,CBE
so good,5,2026-07-13,CBE
waaw,5,2026-07-13,CBE
the reason i didn't rate the app 5 star is because it doesn't transfer to telebirr super app,4,2026-07-13,CBE
just today after I fill my secret code keeps shutting down other wise this app is fine.,5,2026-07-13,CBE
Great app🙏🙏,5,2026-07-13,CBE
excellent,4,2026-07-12,CBE
"After it ask me to update this one i update it but after that it shows me "" Your access has been suspended "" what is going on?",1,2026-07-12,CBE
Good Apps C/ Bank of Ethiopia,5,2026-07-12,CBE
It's secure and easy to transfer money,5,2026-07-12,CBE
I like this app,5,2026-07-12,CBE
excellent app.,5,2026-07-12,CBE
Good Apo,5,2026-07-12,CBE
The previous versions are more suitable to use to especially during sending money; the pattern enter account number enter and check the owner then write the amount and send money is correct while this version makes you mistake when you send money.,2,2026-07-12,CBE
why always țhis app needs update!???,5,2026-07-12,CBE
good job,5,2026-07-12,CBE
its is not working at all after update itself so olease do smotehing for better experience we are struggling with this app problems.,1,2026-07-12,CBE
not reliably,1,2026-07-12,CBE
how many time we update😡😡😡😡😡,1,2026-07-12,CBE
More & more...!,5,2026-07-12,CBE
Nice job,5,2026-07-12,CBE
More important app ever.,1,2026-07-12,CBE
if the system is changed on your mobile change by self,5,2026-07-12,CBE
"I think this app developer doesn't know much about how useful accessibility settings are. Instead of giving you a warning and letting you pass, they suspend your access. Guys, don't remove any app from Accessibility settings unless you have unknown apps. Instead, use *889#, Abyssinia, or Telebirr!",1,2026-07-12,CBE
cant work without disabling accessbility and dev settings? no banking app has ever gone such lengths and this is an invasion of privacy.,1,2026-07-12,CBE
የተለያዩ ባንኮች ስንልክ ትቆርጣላችሁ,1,2026-07-12,CBE
keep it,5,2026-07-12,CBE
wasebayu,1,2026-07-12,CBE
very amusing app,5,2026-07-12,CBE
good app for services,5,2026-07-12,CBE
excellent service!!!,5,2026-07-12,CBE
keep going cool.enough,5,2026-07-11,CBE
its good,5,2026-07-11,CBE
አፕደት ካደረኩ በሀላ ሊሰራ አልቻለም ምንድን ነው ችግሩ?,4,2026-07-11,CBE
I need to work well in my account,5,2026-07-11,CBE
why ask update always,1,2026-07-11,CBE
Badb app,1,2026-07-11,CBE
"""The login and PIN option issue from the previous update has now been completely fixed. I can fully access my account again. Thank you for the quick resolution and support!""",5,2026-07-11,CBE
it is boaring updating every day!,4,2026-07-11,CBE
why i can't a get a good statement in pdf like showing the date,3,2026-07-11,CBE
incomparable,5,2026-07-11,CBE
"After the update all saved beneficiary data is lost. If this isn't an example of an extremely poor data migration handling, I don't know what is.",1,2026-07-11,CBE
this application is not running on my phone it says emulator detected what can i do??,1,2026-07-11,CBE
🤬,1,2026-07-11,CBE
why doesn't work transfer to other telebirr account it work only own telebirr account,5,2026-07-11,CBE
amazing app,5,2026-07-11,CBE
baay'ee bareedaadha,3,2026-07-11,CBE
አንደኛ ነወ 100%,5,2026-07-11,CBE
"When I open the app, it closes on its own. Thinking it might be an issue with my phone, I deleted the apps I had installed, but it still doesn't work.",1,2026-07-11,CBE
app is good but if you want see transaction history there you will not find what you want,1,2026-07-11,CBE
why does it keep asking me to update and took for so long to update. the worst mobile banking app..,1,2026-07-11,CBE
the best app of all time,5,2026-07-11,CBE
Best App and easy to use,5,2026-07-11,CBE
it's not working for me,1,2026-07-11,CBE
best application,5,2026-07-11,CBE
why day to day update its borring,1,2026-07-11,CBE
is this software prepared by ethiopians?,1,2026-07-11,CBE
maali app akkanaa,5,2026-07-11,CBE
ምርጥ መተግበሪያ እናመሰግናለን,5,2026-07-11,CBE
"Big ups to the devs for delivering a fast and responsive experience with a clean and good looking UI which the CBE app was lacking for a long time, since the first launch. While my appreciation is intact but this new update is highly interfering with the users accessibility settings requesting for the user to desable apps that have an elivated permissions such as the ability to detect when power off system Ul appears on the screen. I believe users with unique configuration will be affected",4,2026-07-11,CBE
Good job,5,2026-07-11,CBE
"First, I had to disable Developer Options. Now also I have to turn off an Accessibility setting just to make this APK work. Is this a joke? 🤣",1,2026-07-11,CBE
"The app was great until the latest update, which now forces users to disable Accessibility Services. While I understand the security concerns and the reasoning behind this decision, it should be an opt-in choice or allow exceptions for trusted apps. Some users rely on accessibility-enabled applications for essential daily tasks, and this change can prevent those apps from working. Please consider a more inclusive approach that balances security with accessibility and gives users flexibility.",3,2026-07-11,CBE
tanku for your services,5,2026-07-11,CBE
good upp,1,2026-07-11,CBE
Best,5,2026-07-11,CBE
"I love CBE, go ahead",5,2026-07-11,CBE
Nice app,5,2026-07-11,CBE
smooth,4,2026-07-11,CBE
but always have to go to branches for update or something's it shkuld rjn smoothly if there is an update,5,2026-07-11,CBE
Its my number one app.,5,2026-07-11,CBE
good app keep it up,5,2026-07-11,CBE
Good App 💯,5,2026-07-11,CBE
excellent service,5,2026-07-10,CBE
modern,5,2026-07-10,CBE
i love it good job,5,2026-07-10,CBE
𝘪𝑐𝑎𝑛'𝘁 𝑎𝑐𝑐𝗲𝑐𝗲 𝘁𝙝𝗲 𝑎𝘱𝑙𝘪𝑐𝑎𝘁𝘪𝑜𝑛 𝘁𝑜 𝐮𝘱𝑑𝑎𝘁𝗲,5,2026-07-10,CBE
why it forces us to update the app many times?,1,2026-07-10,CBE
"After the recent update cbe app blocking me to access it says ''turnoff apps in Accessibility services'' apps like Norton Antivirus (premium), Bitwarden, and Applock i use these apps for many years from playstore. My phone is not rooted i haven't activate Developer options. And Google play certified. I have whitelisted cbe app from these apps also give acess to background process. My phone is fully secured to the latest android firmware as well as security update! Please fix this issue?",1,2026-07-10,CBE
ኤሄንን አፕ ኢባካቹ አዉርዱልኝ,5,2026-07-10,CBE
week app💀💀💀,1,2026-07-10,CBE
woow,4,2026-07-10,CBE
bast app,5,2026-07-10,CBE
nice app keep updating,5,2026-07-10,CBE
maal apdate godha ooltan sila abboo hifanne,2,2026-07-10,CBE
very useful App,5,2026-07-10,CBE
good apps,5,2026-07-10,CBE
Enjoy with CBE,5,2026-07-10,CBE
wooow cbe app is fast and secure,5,2026-07-10,CBE
"this App is trash ,very week in every parameters",1,2026-07-10,CBE
though update is necessary it shouldnot be mandatory becuase in a rush time there should be a choice to do it later,5,2026-07-10,CBE
good gja a,5,2026-07-10,CBE
great 👍,5,2026-07-10,CBE
best apdet,5,2026-07-10,CBE
love the new look of the app and how it is laid out,5,2026-07-10,CBE
how to use these app these is locked immediately the screen,5,2026-07-10,CBE
በጣም ቆንጆ ፍጥነታችሁ ልዩ ነው,4,2026-07-10,CBE
I like it very much. It is the best system,5,2026-07-10,CBE
it is too slow,2,2026-07-10,CBE
Please on these AI time; Update your app,3,2026-07-10,CBE
it's Good,5,2026-07-10,CBE
i like it,5,2026-07-10,CBE
now the app is working.,4,2026-07-10,CBE
Tele birr is better,1,2026-07-10,CBE
it is good,5,2026-07-10,CBE
no access to get out from the sites,3,2026-07-10,CBE
keep it up,5,2026-07-10,CBE
በጣም ፀዴ ሆኗል ....አይወልድም እንጂ,5,2026-07-10,CBE
nice app,5,2026-07-10,CBE
Great to see more secured,4,2026-07-10,CBE
ለአጠቃቀም በጣም ምቹ ነው!!,5,2026-07-10,CBE
This updated version is a bad thing. Please modify.,1,2026-07-10,CBE
beyuti full,5,2026-07-10,CBE
Smart,5,2026-07-10,CBE
Baaye gaari,5,2026-07-10,CBE
annoying,1,2026-07-10,CBE
Some what good app,1,2026-07-10,CBE
ለምን በየቀኑ አፕዴት ታስደርጉኝ ግን?,1,2026-07-10,CBE
okay,5,2026-07-10,CBE
best but not working without internet😒,5,2026-07-10,CBE
i love this app,5,2026-07-10,CBE
"I like this banking app but you have too much updates without that much significant improvement. my issue with updating is, it erase all the account numbers that we made transaction with.!",4,2026-07-10,CBE
"😦😦😦😦😦What amazing improvement,Great application for me,So I would like to rate with 5 solid stars.B/c I have seen attractive services provided and you fixed all issues. GOD Bless you,Keep it up!!!!!!🎖🎖🎖🎖🎖",5,2026-07-10,CBE
እንደ ሲቢኢ ተጠቃሚነቴ አፕልኬሽኑ ሀፕዴት ስናደርገው ሁሌ የሆነ ችግር አናጣበትም ቆይ ግን ብራችን ቢበላ ማነው ተጠያቂው?,3,2026-07-10,CBE
best new,5,2026-07-10,CBE
A great app utility,5,2026-07-10,CBE
the best transaction app 👌👌,5,2026-07-10,CBE
"The previous app was nice, it is too slow and complicated.",2,2026-07-10,CBE
It is best.,5,2026-07-10,CBE
good jop for any,5,2026-07-10,CBE
መጠይቁ በኣማርኛ ቢሆን,5,2026-07-10,CBE
1.CBE እምነት አልባ 2.CBE እምነት አልባ 3.CBE እምነት አልባ 100%ግልፅ የሆነ መፍትሔ የሌለው። ስራ ደንበኞች መሰቃየት ነዉ,1,2026-07-10,CBE
This apps makes life easy,5,2026-07-10,CBE
almost weekly say update update app what a shitest bank 😡,1,2026-07-10,CBE
"The best mobile banking app in Ethiopia, probably world. Attractive UI and seamless UX!",5,2026-07-10,CBE
it's reliable app,5,2026-07-10,CBE
It keeps crashing,1,2026-07-10,CBE
አልሰራም አለኝ,4,2026-07-10,CBE
bad app.,1,2026-07-10,CBE
kind helps and efficient services,5,2026-07-10,CBE
Good experience,5,2026-07-10,CBE
"It's becoming a terrifying app. after update it closes repeatedly. Then I installed it again but it asked me passphrase. Nonsense. Then I have to go to branch. I would have been aressted, If not God protected me. Show me private bank, I am done.",2,2026-07-10,CBE
i got some small bugs like when u have money and it says '' your balance is insufficient '' kinda and '' time out '' while transferring,3,2026-07-10,CBE
this app is My first choice for work. and it is very good,5,2026-07-10,CBE
It is modern and user friendly app with incredible speed.,4,2026-07-10,CBE
nice 👍👍👍,5,2026-07-10,CBE
love the speed of transition in the new version,5,2026-07-10,CBE
Needs more updates,1,2026-07-10,CBE
There is a security alert due to suspicious accessibility service and i have been denied access to my account through this app,3,2026-07-10,CBE
very poorly developed,1,2026-07-10,CBE
I like the application,5,2026-07-10,CBE
nahh bad,3,2026-07-10,CBE
The UX journey is Bad after the update and when we try to send from an account having multiple merged accounts it randomly picks any of the list may be sometimes the one without sufficient money and make the experience annoying to refill to be sent info in the fields.,3,2026-07-10,CBE
Your services are well secured repayable and in agreement with the current digital era. Keep on doing so. 👍👍👍,5,2026-07-10,CBE
This app have interseted from other digital mobile banking.,3,2026-07-10,CBE
what's new? update daily???,5,2026-07-10,CBE
very smart,5,2026-07-10,CBE
አረ በደንበኛ ንጉስነት ስም ልበላችሁ ጭራሽ ኣፑ አዝግ ነው ኣይሰራም፡ እባካችሁ አዘምኑልን አሁን ተሻሽሏል አመስግናለሁ።,4,2026-07-10,CBE
Very good,4,2026-07-10,CBE
worthless,1,2026-07-10,CBE
"deserves two star,bulky and outdated appp",2,2026-07-10,CBE
Please try to set other way for weekly Update. it was boring ... takes time... for none Technology guys not Easy,4,2026-07-10,CBE
this app is very important and minimize the busyness of banks Accountant. thank you,1,2026-07-10,CBE
just wow,5,2026-07-10,CBE
the updated CBE mobile is unfunctional its say there security issues ..,1,2026-07-10,CBE
very good app,5,2026-07-10,CBE
good experience,5,2026-07-10,CBE
this is a huge bank in ethio but u cant even copup to the private one are much more better,1,2026-07-10,CBE
Simple and convenient app!,5,2026-07-10,CBE
Great App,5,2026-07-10,CBE
great approvment go ahead cbe 💪💪💪💪💪,5,2026-07-10,CBE
it's good service i am happy...,4,2026-07-10,CBE
"great app. include or embade calculator by either right or left of the ""amount"" bar of any transaction",5,2026-07-10,CBE
"The app doesn't allow confirmation before payments or transfers are made as to how much a transaction cost it involves ? The costs appear after the transaction is completed , why ?",4,2026-07-10,CBE
Nice 👍,5,2026-07-10,CBE
woow it the most interesting and interacting app.,4,2026-07-10,CBE
none sence,5,2026-07-10,CBE
amazing,5,2026-07-10,CBE
❤❤,4,2026-07-10,CBE
"the new update 6.0.7 requests the user to stop accessibility settings, this feature is required by other useful apps, it should show warnings and say accept the risk but not stop. Frequent changes are affecting the reliability of the app.",1,2026-07-10,CBE
tinish yazegal,2,2026-07-10,CBE
"bring back biometrics + pin why do you want to decrease the security,it's one thing I liked from previous new update",4,2026-07-10,CBE
good soluton,5,2026-07-10,CBE
I am grateful for your service.,5,2026-07-10,CBE
awsam,5,2026-07-09,CBE
We are tired of your unsettling regular updates that are unacceptable specially during an urgent situation.,1,2026-07-09,CBE
This application is very nice & very simple,5,2026-07-09,CBE
Excellent,5,2026-07-09,CBE
almost good app,4,2026-07-09,CBE
verry good,5,2026-07-09,CBE
I like it,5,2026-07-09,CBE
fast,5,2026-07-09,CBE
"The recent security update to the app is quite frustrating. The app now refuses to open and asks me to remove all apps that use accessibility services. It’s not clear what this means or why it’s required. Instead of completely blocking the app, it would be better to show a warning or caution about the security risk and let the user decide. This approach feels like poor design. Please consider making it less restrictive",1,2026-07-09,CBE
"After the latest update, I can no longer use biometric login. The app says, ''Sign in with your PIN first. Biometrics will be set up automatically,""* but there is no option to enter or create a PIN—the PIN field is blank. As a result, I can't sign in or enable biometrics. Please fix this issue as soon as possible",1,2026-07-09,CBE
The pin code insert menu field disappeared. I can't even login using a biometric as it asks to enter a pin.,3,2026-07-09,CBE
it's not working at all after the recent update????,1,2026-07-09,CBE
"Dear CBE After I've finally updated my CBE mobile banking application 2 days ago, it doesn't show me the pin area where to insert my pin instead only finger print is available.",1,2026-07-09,CBE
pest of pest mobile bank app,5,2026-07-09,CBE
"From my experience with the CBE mobile banking app, it seems the developers prioritize the app's GUI and visual appearance more than its security. Almost every new release introduces security issues that can potentially be exploited. For example, version 6.0.6 introduced fingerprint authentication for login, which is a great usability improvement. However, allowing fingerprint authentication to authorize money transfers could introduce an exploitable security risk.",2,2026-07-09,CBE
I HAVE ENCOUNTERED NEW SIGN IN ISSUE ON MY DEVICE PIN ENTERING BOX DISAPPEARED AND ONLY SHOWING FINGERPRINT ICON SHOWING,1,2026-07-09,CBE
After updated CBE app is not working !,1,2026-07-09,CBE
very good 😊,5,2026-07-09,CBE
previesly excelent!but now not good,1,2026-07-09,CBE
i like,5,2026-07-09,CBE
"CBE please, before you force an app update for the mass, first check it among yourself. The bank profit billions of birr and this is what you provide? The app difficult becames frequent and it seems the reflection of the internal workings of the bank!",1,2026-07-09,CBE
It is a slow app that doesn't work for all types of phones,1,2026-07-09,CBE
Afyer the new update I couldnt login to the app. it says first login with PIN but there is no option to insert a pin. Just a biometric options only,5,2026-07-09,CBE
"Not working after the update, it asks for the Pin code and not for the fingerprint but there is no place to write it!!! major bug",1,2026-07-09,CBE
i cant login,1,2026-07-09,CBE
You blocked our access to user other apps. The UI don't have the pin input field and it is forcing us to sign in using pin before biometrics. what a trash app.,1,2026-07-09,CBE
"Absolutely bad. Updating is necessary more often , but whenever they do everything go wrong. Why they don't test before they release the new updates ? what's wrong with you people ? when do you get understand this simple equation?",1,2026-07-09,CBE
"How is an app, THE APP for Banking released before testing? it says login with a pin to get biometrics... but there is no option to type in my pin. I am locked out!",1,2026-07-09,CBE
well the new updates are making the app unaccessible first it was the passphrase which they should have fix and make us waste out time now the login glitches specially the 2FA and biometrics,3,2026-07-09,CBE
the last version update is not working today,1,2026-07-09,CBE
"I can't log in after updated, why don't fix and update such troubles soon?",1,2026-07-09,CBE
Can't even login bc biometrics doesn't work,1,2026-07-09,CBE
"transaction history is not available by monthly, weekly only few days is available",4,2026-07-08,CBE
"after july update the app is not working , it ask for biometrics but doesn't let me use it , since my finger print password is on the side not on the middle of the screen, and it says use pin 1st to use biometrics but won't let me use the pin either after the new update",1,2026-07-08,CBE
"please don't update the latest version friends. It is so weird and annoying. @CBE , please check your app by QA department before you give us New update. Google play is not QA department 🤲🤲🤲",1,2026-07-08,CBE
Ok,5,2026-07-08,CBE
cbe,5,2026-07-08,CBE
"updated but it says ""sign in with your pin first.biometrics will be setup automaticlly"". but there is no login field in the screen",4,2026-07-08,CBE
this is so unbelievable after updating the app doesn't work properly first asks biometrics then when i give it turned into pin but there is no place to put pin how is this even possible? i can't access my account. Please tell me if there is a solution.,1,2026-07-08,CBE
Always sync failed,3,2026-07-08,CBE
"It is simple and brief to use this app, however, asking update repeatedly is discomforting.",5,2026-07-08,CBE
Each update totally ruins the app. couldn't transfer even login while you change some minor update. The app is totally unreliable.,1,2026-07-08,CBE
keeps changing all the time now the login is not working,1,2026-07-08,CBE
I will not update CBE app anytime. Before I see the facebook review and others experience. What kind of developers the company has?,1,2026-07-08,CBE
"I enable the accessibility settings for what i want and for what i need. Today, this CBE app asked me to remove that app. Remove the restriction now! Dont judge us on our phones...",1,2026-07-08,CBE
"CBE Mobile Banking is one of the best banking apps in Ethiopia. It's reliable, easy to use, and makes banking available anytime, anywhere. My only suggestion is to increase the daily transaction limit, ideally up to ETB 1,000,000 for eligible customers. That would make it even more convenient for business and high-value transactions. Great job, CBE!",4,2026-07-08,CBE
the new update lock the access of the account it ask use biometric after sign in however there no option to put the pin,1,2026-07-08,CBE
Your updated app is not accepting my biometric data. How can I solve this issue?,5,2026-07-08,CBE
በጣም ጥሩ ነው ምምምምምምምምምምምምምምምምምምምምም,5,2026-07-08,CBE
"I rated this app 1 star because of it's failure to properly login but a simple reinstalling fixed the problem. I thought I would have to visit nearest branch for reinitializing my reinstalled app but it just asked for phone number, previous PIN and passphrase and it opened without a hitch.",5,2026-07-08,CBE
I can not access the new update app.,1,2026-07-08,CBE
"The app is not working again, your updates are a disaster recently. I open the app and it tells me to enter my pin but there is no prompt area to write the pin.",2,2026-07-08,CBE
ቴሌ ብር ለመጠቀም የማስጥር ቁጥር ማግኘት አልቻልኩም,3,2026-07-08,CBE
maaloo maaf na irraa cuftan naaf bana fayyadama ture duran ammaa system naaf. hojjatu dide,5,2026-07-08,CBE
Signinwithyou PIN first. Biometrics willbesetup automatically. cbe app what porblim no work,5,2026-07-08,CBE
"after the new update I can't access my account, could you please solve this problem as soon as possible?",1,2026-07-08,CBE
the app is not open why the up date is not supported,1,2026-07-08,CBE
This update has no form to sign in to my account. You alwaws publish uncheckedapp updates.,1,2026-07-08,CBE
"The app displays only a fingerprint option to log in and will ask for PIN first where there is no option to enter the PIN. This happens on the new update released on July 2, 2026.",1,2026-07-08,CBE
u guys era beftrachu mnm yalhona app update eyargachu atablashut now I can't sign cuz there no place or option to enter a pin and when I want to enter with fingerprint it says first sign in with pin number didn't they pay u to work properly guys,1,2026-07-08,CBE
what kind of idiotic developer pushes an update without QA assurance. how are we supposed to sign in? with your new update?,1,2026-07-08,CBE
"After update, I am not able to login to the app. biometric icon is available and requesting to login with PIN but there is no way to provide it. please help us.",1,2026-07-08,CBE
የተሻለ አገልግሎት እንዲሰጥ መታሰቡ ጥሩ ነው ወደሲስተሙ ለመግባት እና ለመጠቀም ግን የይለፍ ቃል ማስገቢያ ቦታ አያመጣም የለውም,3,2026-07-08,CBE
Your Updates are really Boring instead of making it easier you gave us a headache by going to the branch evertime you update the app.,1,2026-07-07,CBE
sign in with your PIN first. biometrics will be set automatically. the new latest version says this and i cann't log into my account,1,2026-07-07,CBE
on updated version the app says it will automatically set biometric sign in using pin but there is no pin option,1,2026-07-07,CBE
not working login,3,2026-07-07,CBE
Very useful app that prepare by CBE.It is not doughtable.,5,2026-07-07,CBE
የመጨረሻውን መተግበሪያ ካዘመንኩ በኋላ የአሻራ ማስገቢያውን ብቻ ሰጥቷ መጀመሪያ በpin code አስገባ ብሎ ጠይቆ pin code ማስገቢያ የለውም።,1,2026-07-07,CBE
just updated z app & now i can't get in. it only shows biometrics but says 'sign in with your PIN first' but there's no pin option. fix it now,3,2026-07-07,CBE
i love thise app,5,2026-07-07,CBE
The update made just a moment ago is a trash. I can't even log into my account. Why?,3,2026-07-07,CBE
today's update is the worst. I can't access my account after update. please fix it now.,2,2026-07-07,CBE
"The new update July 7, 2026 it asks to enter the pin but there is no pin entry keypad only finger print section but it keep asks for pin. can you fix it please.",2,2026-07-07,CBE
Every update seems to break something. Could you stop beta testing on us.,1,2026-07-07,CBE
ዛሬ የለቀቃችሁት update ላይ pin ቁጥር ማስገቢያ የለውም አሻራም አይቀበልም ምንድነው ሀሳባችሁ???,1,2026-07-07,CBE
best app ever,5,2026-07-07,CBE
"Since the Last update , the app keeps crashing",2,2026-07-07,CBE
Commercial Bank of Ethiopia mobile banking App fast and responsive.,5,2026-07-06,CBE
biruk girm,5,2026-07-06,CBE
Introducing the first iOS release of CBE Next. New toggle-based experience for easier navigation and access to services. - Improved user interface with a modern and intuitive design. - Enhanced performance and responsiveness for a smoother experience. - General stability improvements and bug fixes,5,2026-07-06,CBE
it always says your developers option is on. I have to turn on developer options then turn it of them force stop the app then and only then it works. this hapnes every 2-3 days. it's a terrible experience. it never did that with the old version,4,2026-07-06,CBE
CBE my proud! I love the new digital update and really appreciate it.,5,2026-07-06,CBE
It is great .,5,2026-07-06,CBE
you guys were faked out about that in adverstmen from television that you would give mastercard by just rejestering then sending to request that you will give now I been waiting for like 2 weeks 😵‍💫 you could just not say and save money by not spending in usless things and not confusing us,2,2026-07-05,CBE
highly appreciated.,5,2026-07-05,CBE
it's best app,5,2026-07-05,CBE
full of bugs,1,2026-07-05,CBE
itis best app for me,5,2026-07-05,CBE
𝒂𝒃𝒃𝒊,5,2026-07-05,CBE
"I am not new for the digital service but the new system updated made out cast and caused to visit branch frequently denying access after a few successful services, may I ask CBE what should I do to get a normal service?",5,2026-07-05,CBE
wawe app good,4,2026-07-04,CBE
good,2,2026-07-22,BOA
ይህ አፕ በፊት ሲሰራ ነበር በቴክኖ ስልኬ ላይ ከትንሽ ሳምንታት ጨበኋላ በራሱ መንገድ ጸጥ ምን እንደጎደለው ምን እንደሆነ ብቻ የአፑ ችግር መሠለኝ ብየ ለማትም ሲሰራ ስለቆየ እንዴት?!,5,2026-07-21,BOA
thanks You,5,2026-07-21,BOA
goood,5,2026-07-21,BOA
getandale anlay fetene,5,2026-07-20,BOA
best app,5,2026-07-20,BOA
"When I press the show balance button, it logs out automatically.",1,2026-07-18,BOA
its good,3,2026-07-18,BOA
well expriences,5,2026-07-18,BOA
nice,5,2026-07-17,BOA
"extremely very dissatisfied and the bank had disabled my mobile banking for three weeks and unfortunately i had new phone without my permission and without a mobile banking they shut my old mobile banking phone and transfer all information to my new mobile banking phone, for some reason i went there and i wrote a coplaint in their website they criminals and lawless they should punished according by the country law.",1,2026-07-16,BOA
I have registered with Abyssinian Bank with National ID a year ago but I have not downloaded and opened its mobile banking app on my phone and now I live in Arabia How can I use it? Oh🥺,2,2026-07-14,BOA
👍👍👍,5,2026-07-12,BOA
best,5,2026-07-10,BOA
has performance consistency issue ..this will result reliability issue ..,3,2026-07-10,BOA
It stops while opening.,1,2026-07-09,BOA
it's not opening quickly what's problem?,1,2026-07-08,BOA
always crushing.,1,2026-07-07,BOA
It says your 'developer option' is on and prevent us from logging in. It is off and the app couldn't detect it. Shall we change our bank and the app we use? or could you fix this?,1,2026-07-06,BOA
ኧረ አብዴት አርጉት አንዳንዴ የኔትወርክ ችግር ሳይኖር እንኳን ለመክፈትና ለመክፈል በጣም እየቆየብን ነዉ ሌሎች ባንኪንግ አፖች ፈጣን ናቸዉ ይሄ አሁን ከቅርብ ጊዜ ወዲ መዘግየት ጀምሯል,1,2026-07-05,BOA
👌,1,2026-07-02,BOA
BoA is so good to be true working perfectlly.thanks.,5,2026-06-26,BOA
Nothing could work for me.,1,2026-06-25,BOA
very good good Developer,5,2026-06-21,BOA
nice app,5,2026-06-18,BOA
not working this app,1,2026-06-18,BOA
can i created my bank,5,2026-06-18,BOA
bank of abysinia is the best Bank in Ethiopia also it's my favorite,3,2026-06-15,BOA
"The most frustrating banking app I have ever used. The app keeps crashing at random times, whenever I hit the button to un hide my account balance in the home page the app automatically signs me out, other times whenever I start the app it opens in landscape and crashes, very frustrating.",2,2026-06-13,BOA
amazing,5,2026-06-12,BOA
"I got problem instal the App from play store, it shows error massage "" the app is no longer compatible with this device"" My phone is Redmi Android Version 10. please solve it.",1,2026-06-11,BOA
"Dubartii bareedduu waliin jaalala yoo jalqabde,wanti beekuu qabdu Yoo xiqqaate guyyaatti dhiironni 3 carraa isaanii ni yaalu,kana jechuun torbanitti dhiirota 21,waggaatti dhiirota 1095 ... ta'a jechuudha. Ammagaa natti himi,jaalalleen kee si'a 1095 lakkii jechuu dandeessii?😉😃 Ani hin jenne qofa kan jedhe #Robert Mugabe dha malee. Kanaf fedhaa mata Kenya fokistu filano godhanera🤭🤭",5,2026-06-09,BOA
easy and fast app,5,2026-06-09,BOA
"I thought you guys needed us to use the app...recently I'm having a terrible experience with the app...I can't Send money to other banks, another Abyssinia account or my wallet ...I mean what is the point of the app if it doesn't perform the basic tasks that it is designed to do...what a shame",1,2026-06-08,BOA
keep it up,1,2026-06-06,BOA
its unbelievable that with all the modern technologies still they are struggling to keep up with the mobile banking service. do better....,1,2026-06-06,BOA
The App is Good for Me,5,2026-06-06,BOA
Boa mobile is not responding!,1,2026-06-02,BOA
wow,5,2026-05-31,BOA
when i use the app to check the balance it automatically signs out from the app...u better correct it.,1,2026-05-31,BOA
BOA my favorite bank ever,5,2026-05-30,BOA
betam aza yehone app,1,2026-05-30,BOA
Boa mobile banking isn't responding,5,2026-05-29,BOA
😍 😍😍😍,5,2026-05-28,BOA
How i can open?,5,2026-05-26,BOA
"Nowadays My balance doesn't show, whenever I click on it, Automatically log off (Sign out). Need to fix.",3,2026-05-22,BOA
Excellent App,5,2026-05-20,BOA
Genet Dereja,5,2026-05-20,BOA
good app,5,2026-05-20,BOA
easy to access,5,2026-05-20,BOA
doesn't work,1,2026-05-19,BOA
It gave me a headache. bad bad bad,1,2026-05-18,BOA
Tilku,5,2026-05-18,BOA
the transaction is not working???? fix it,1,2026-05-18,BOA
sometimes The App Is not goibg through,3,2026-05-17,BOA
"The worst app, also bank am begging for my own money",1,2026-05-16,BOA
was Good 🙏,5,2026-05-16,BOA
cool,5,2026-05-15,BOA
Its Good,5,2026-05-15,BOA
this app is good but the speed of app is very slow,2,2026-05-11,BOA
boa the best,5,2026-05-08,BOA
bank of absiniya is best bank in ethiopian,5,2026-05-07,BOA
አስተማማኝና ዘመኑን የዋጀ,4,2026-05-05,BOA
extremely slow app and unreliable for most payment i have stuggled to much with this,2,2026-05-03,BOA
Amazing app,5,2026-05-02,BOA
"I tried to oppen mobile app of BOA, but it can't work on my phone after activation. I can't login to it. the staffs tried their best and asked me the android version which is 16 and clear the catches, reinstall the app but the same restult × close the app. disappointing",1,2026-05-01,BOA
nice app 👍👍👍,5,2026-04-29,BOA
easy to understand,4,2026-04-28,BOA
a wonderful Bank success app in Ethiopia 🇪🇹,5,2026-04-25,BOA
there's an error in app i don't ever know what's the case,1,2026-04-24,BOA
BoA always❤,5,2026-04-24,BOA
the worst app,1,2026-04-24,BOA
what an amazing service,5,2026-04-23,BOA
abezash,5,2026-04-23,BOA
😁😁ል,4,2026-04-23,BOA
Not working,4,2026-04-22,BOA
everything new that other banks started abyssinia started it but this one year have been a disaster the mobile banking crashes everytime please do what you do best,1,2026-04-20,BOA
"the best applcation,, how can winning byd car 😭🤣🤣",5,2026-04-20,BOA
"the app does not show my account balance correctly compared to what I get with the SMS notification. Again and again I am not able to make transfers because the app has issues. The app has over years now frequently problems, doesn't load, or is sometimes not working entirely and I can not open it. Even to the point that I question the rating of this app if it's true or distorted. I am not sure how it can be 4 stars something, when in real life the app just doesn't work a lot of the time.",1,2026-04-19,BOA
excellent service,5,2026-04-18,BOA
it very slow to access the app when urgent,1,2026-04-17,BOA
very Good app,4,2026-04-16,BOA
best i ethiopia,5,2026-04-16,BOA
when i try to see my balance the app logs me out.i try to uninstall the app and install it when i try to login again it says login expired.the worest mobile banking in ethiopia. fix it,1,2026-04-15,BOA
like,5,2026-04-14,BOA
Why transfer to telebirr agent doesn't work?,3,2026-04-14,BOA
best 👌 app in entire industry,5,2026-04-14,BOA
besst app,5,2026-04-14,BOA
good 👍,5,2026-04-13,BOA
ksanet hayle,5,2026-04-11,BOA
this app is not use my pbone android 16 and not fix boa nearest branch how to use this app,1,2026-04-11,BOA
"disappointing experience .couldn't even do transactions ,so slow .you should check and update it please",1,2026-04-09,BOA
poor functional and also very interactive customer service at branch,1,2026-04-09,BOA
low networks,4,2026-04-08,BOA
Fast& Modern,5,2026-04-08,BOA
it's not working always says error occured,1,2026-04-06,BOA
fast and reliable app,5,2026-04-02,BOA
እረተውኝ,5,2026-04-01,BOA
updte,3,2026-04-01,BOA
"Personal opinion: If Abyssinia Mobile Banking allows you to use data from the SIM card where banking is activated, for example, if the connection to the WiFi router stops, if it is possible to use the SIM card where it was activated, and if the password can finally be re-entered 🙏",5,2026-03-31,BOA
stupid app! when i try to send money it says error occured,1,2026-03-31,BOA
Boa yleyal,5,2026-03-31,BOA
lovely,2,2026-03-30,BOA
other bank is very slow,5,2026-03-30,BOA
When transaction done form BOA to Other Bank accounts the receipt does not include the name of receipant(the who receive the money),4,2026-03-29,BOA
Niyse,5,2026-03-29,BOA
my choice BOA,5,2026-03-28,BOA
በጣም ጥሩ ነው,5,2026-03-28,BOA
smart app,5,2026-03-28,BOA
emails connect to pone numbers link all the city banks by location naw,5,2026-03-28,BOA
My favorite app,5,2026-03-28,BOA
very good,5,2026-03-28,BOA
smart app smart bank,5,2026-03-27,BOA
You can't rely on Abyssinia. They are the worst,1,2026-03-26,BOA
its the the bank of bank,5,2026-03-25,BOA
beti araya,5,2026-03-24,BOA
ok app,5,2026-03-24,BOA
something is wrong,2,2026-03-24,BOA
abanamu boriifuu hindhabamu horiinu ajiraanu woliinuu,5,2026-03-24,BOA
good up except some sluggishness,5,2026-03-23,BOA
it is not bad it just ok,4,2026-03-23,BOA
well,1,2026-03-22,BOA
i can't transfer money to other bank. 😒😒,4,2026-03-22,BOA
cheru birhanu,1,2026-03-22,BOA
This app good b/c reduce my time,5,2026-03-22,BOA
Machin tecnoloj,3,2026-03-22,BOA
developer option offe,1,2026-03-22,BOA
"Bank of Abyssinia used to be the best for me, but now I don’t think so. I spent the whole day at the branch trying to fix my mobile banking, yet nothing changed. I was asked repeatedly for my ID and signature without any real solution. It’s disappointing and frustrating to see such poor service. I expected much better 🙏 Please fix this urgently 🙏",1,2026-03-22,BOA
good!,4,2026-03-21,BOA
BoA Mobile app,5,2026-03-21,BOA
it is simple and fast app,5,2026-03-21,BOA
awful,1,2026-03-21,BOA
ቤጣም ጥሩ ነው ግን ኖ ፍጥነት ብዙ ስታክ ኦኬ,5,2026-03-20,BOA
awesome and fast app it uses to do my work easier..🥰,5,2026-03-20,BOA
simple and fast,5,2026-03-20,BOA
very good appreciation trusted,5,2026-03-20,BOA
very nice app u love it,5,2026-03-19,BOA
happy,4,2026-03-19,BOA
The worst banking app ever. When I toggle the balance button it shows session expired. I can't even check balance😔,1,2026-03-19,BOA
Secured and rely on BOA.,4,2026-03-19,BOA
Nice App,5,2026-03-19,BOA
Good,1,2026-03-18,BOA
very good app,5,2026-03-18,BOA
good to use,5,2026-03-18,BOA
excellent!,5,2026-03-18,BOA
Thanks bank of Abisiniya,5,2026-03-17,BOA
good ap,5,2026-03-17,BOA
Very nice application,5,2026-03-17,BOA
the BoA is the smartest app,5,2026-03-17,BOA
Wow!!,5,2026-03-17,BOA
v.good,5,2026-03-17,BOA
very excellent and truth application.,5,2026-03-17,BOA
"All problems are fixed now , easy to use recommended.",5,2026-03-17,BOA
it is slow app pls update more,5,2026-03-17,BOA
amazing app ever,5,2026-03-17,BOA
It did not work at all for me,1,2026-03-17,BOA
besat🥰,4,2026-03-17,BOA
amazing 😄 service I appreciate it,5,2026-03-17,BOA
no limit app,5,2026-03-17,BOA
Very excayeted and degjetalization more accecing to any markate enabled servece also hamble so more atande,4,2026-03-16,BOA
Best !,5,2026-03-16,BOA
the app is always full of bugs and I don't know why they don't even try to fix them it's been like this for years it's always unstable,1,2026-03-16,BOA
fast app,5,2026-03-16,BOA
very good service,3,2026-03-16,BOA
lovely app,5,2026-03-16,BOA
"BoA easily accessible, fast with best service, Go ahead",5,2026-03-16,BOA
its so amazing,5,2026-03-16,BOA
Now this bank is among those Ethiopian banks with best mobile banking. N.B I will give 5 star if the app asks a PIN before completing transaction.,4,2026-03-16,BOA
love BOA,1,2026-03-15,BOA
i like,5,2026-03-14,BOA
it stucks and jumps out,1,2026-03-13,BOA
ማስተዋልይርሳው,5,2026-03-11,BOA
1 ደኛ,5,2026-03-11,BOA
considering the fact that bank is huge this app really bad you could do better,1,2026-03-10,BOA
fast security 🔥🔥🔥,5,2026-03-07,BOA
100% 😱😱,5,2026-03-07,BOA
doesn't work.,1,2026-03-06,BOA
atdtd,1,2026-03-03,BOA
Its so boaring app I ever had....please review and fix z deficulties,1,2026-03-03,BOA
ፈት አፈዘ,1,2026-03-03,BOA
profesionl,5,2026-03-02,BOA
very nice,5,2026-03-01,BOA
no app,1,2026-03-01,BOA
BOA mobile app,5,2026-02-28,BOA
"Good App But big problem with Trasfer to other Bank im send some money to other bank still not reach it ,it's take time around two days",4,2026-02-27,BOA
Use the best bank account ✅👌👌👌,5,2026-02-25,BOA
well app,5,2026-02-24,BOA
"balance sync is working after 24 hours, frequently stop working for the last 4 yrs, boring update released, very poor service",2,2026-02-23,BOA
Excellent service thanks,5,2026-02-20,BOA
it crush every time you opend it it is hard to pay quickly or to access,1,2026-02-17,BOA
it is a best app,5,2026-02-16,BOA
"this app is useless, i try to use it but the app crash and log me out and this is happen again and again. i thought they will fix it on update but there is no update.",1,2026-02-15,BOA
"It’s very hard, it’s not working.👎👎",1,2026-02-11,BOA
some time the app would have been a problem to open,5,2026-02-10,BOA
Its not work accurately please improve your mobile banking,1,2026-02-03,BOA
the most doagusting app from ethiopian banking especially on weekdenda🤮🤮🤮🤮🤮🤮🤮,1,2026-02-02,BOA
wondo mechesa,5,2026-01-31,BOA
good but the user interface and animations need some upgrade,4,2026-01-31,BOA
what is wrong these app ?,1,2026-01-30,BOA
unsatisfied to your mobile banking application,5,2026-01-28,BOA
"Whenever I want to see my balance, the app says “no” and logs me out. Looks like the developer doesn’t want customers to know the truth 😄! This app really protects my money. It logs me out before I can even see my balance. 👉 Honestly, this app doesn’t reflect the quality of Bank of Abyssinia.",3,2026-01-26,BOA
"BoA Mobile is boring, imagine if you install it to your phone it crash when once used and require reinstall. I downloaded ten times but it still crashing.",1,2026-01-25,BOA
እሽቱ,5,2026-01-24,BOA
very clumsy application. it sucks alot.,1,2026-01-23,BOA
so perfect in everything,5,2026-01-22,BOA
yse good ap,5,2026-01-22,BOA
the worst Mobile banking app👎👎👎👎,1,2026-01-22,BOA
እየሩስ ፣አይለ፣,1,2026-01-20,BOA
very Good application,4,2026-01-14,BOA
app doesnt work,1,2026-01-10,BOA
it's too slow and when you are in a hurry don't use this app,1,2026-01-10,BOA
The worest app ever .work hard and do betterthan this,1,2026-01-09,BOA
The app is always glitch seems there's is significant issue from the backend. Can someone take a look on this or just remove from appstore this trash 🗑 🙄. Thank you.,1,2026-01-07,BOA
n m ű,3,2026-01-06,BOA
so good,5,2026-01-06,BOA
my app is not working .,1,2026-01-06,BOA
"Problems with internet, the app sometimes says there is no internet connection while Internet Data is on. this needs to be fixed, it's unacceptable not being able to access your bank account when you need it.",1,2026-01-05,BOA
"There's only one word to describe BOA mobile banking app, and it's 'እንጨት'. It's been the worst experience and it's continuing to be so.",1,2026-01-04,BOA
not good update it again,1,2026-01-04,BOA
the app not works on samsung galaxy A06 models it's directly kick you out of the app whenever u want to use it amd and then it's says the app is not working i hope they fix it soon,2,2026-01-04,BOA
The worest banking app i ever used,1,2026-01-03,BOA
"This app is the worst app I've ever seen. Unless the developer fixes it, BOA will lose all its customers.",1,2026-01-02,BOA
yetemeta app nw cherash nw apk west maygebawu beza sebeb absiniya tesenabichalewu,1,2026-01-01,BOA
ደገፉ ፈፊኘየየከ ወግወ ደገፉ,5,2025-12-31,BOA
good 👍👍👍,5,2025-12-27,BOA
best digital financing app in ethiopia,5,2025-12-26,BOA
wooow,5,2025-12-26,BOA
very good to be continued to update,5,2025-12-24,BOA
የአቢሲኒያ ባንክ app,5,2025-12-22,BOA
አፕሊኬሽኑ መጨረሻ ቀርፋፋ ነው:: 2G,1,2025-12-21,BOA
"what is this the 19 century 😡,we can't even see our balance,this app is going backwards 😤",1,2025-12-21,BOA
The worst Mobile banking app in Ethiopia,1,2025-12-20,BOA
great,5,2025-12-18,BOA
Applicationa kerem delile,5,2025-12-18,BOA
fast,5,2025-12-17,BOA
😍,5,2025-12-15,BOA
WE EXPECT IT WILL BE MORE AND MORE FASTER THAN EARLIER!,5,2025-12-13,BOA
Amazing App 👏,5,2025-12-12,BOA
Niec app,5,2025-12-12,BOA
best app of the year,5,2025-12-12,BOA
waw,2,2025-12-12,BOA
it constantly bugs and doesnt open what is the purpose of mobile banking app if i dont use it when i need it?,1,2025-12-12,BOA
🔥🔥,5,2025-12-10,BOA
"please fix the bug this app does not work, it says Error The request was not successful. Please check device connectivity or try again.",1,2025-12-05,BOA
not bad,3,2025-12-04,BOA
nice banking,5,2025-12-02,BOA
what a bad app... cant even learn from CBE ... how can they even improve?,1,2025-12-02,BOA
it stuck everytime when i use it . the app won't budge to even open,1,2025-12-02,BOA
i don't find it good and now it is not working!,1,2025-12-01,BOA
Make the reason we wrote visible on app transaction.,2,2025-12-01,BOA
app is note active working crash,1,2025-11-30,BOA
🙏👍,5,2025-11-29,BOA
Very Good,5,2025-11-28,BOA
goof,5,2025-11-28,BOA
bad exprience...it is so crushed,1,2025-11-27,BOA
not user friendly at all it requires a huge connectivity and also lags many times 😑😑😑,1,2025-11-26,BOA
ምንም የማይ ሰራ,1,2025-11-26,BOA
most of the time is not working properly,1,2025-11-25,BOA
good service,5,2025-11-25,BOA
not use for me,3,2025-11-23,BOA
It keeps notifying me to disable developer options and quiet while I'm not enabled. always bring another type of problem with new updates.,1,2025-11-22,BOA
the lag is unbelievable when you need it the most this suks,1,2025-11-19,BOA
I cant belive I could find the worst bank app ever .yet very simple to fix the problem and the company just ignored it. no body can do business with this kind of app.,1,2025-11-18,BOA
it is a good app,5,2025-11-18,BOA
it is not working at all,1,2025-11-15,BOA
🥰🥰🥰🥰🥰 app is good but i was live in abroad and when i enter my otp code it didnt make me to write my code it the app want it self write thats not fair so please other wise i like it why,5,2025-11-15,BOA
when trying to activate the app it keeps on loading on the security questions page. It has been two days,1,2025-11-13,BOA
fast and simple,5,2025-11-11,BOA
best of best,5,2025-11-10,BOA
Worest Banking App Ever I seen. Fake App Bad Better to Leave,1,2025-11-10,BOA
"I would like to share feedback regarding the application. It frequently experiences disruptions and does not function properly, often freezing or failing to load. This issue is affecting workflow and efficiency. Kindly review and address this problem to ensure smoother performance.",1,2025-11-08,BOA
Meet you genuine.App I tried is not functional.Helping.welldoingwith BOA Ethiopia .fastandrelevant.morconnecting Digitalyworld.Digitalyworld. thanks.,5,2025-11-08,BOA
Best app,5,2025-11-07,BOA
"Barely works, it always fails to connect",1,2025-11-07,BOA
this app launch time is so long also has dozen bugs in addition it's has been long time get update,1,2025-11-05,BOA
"Your application is very irritating to use, some functionality doesn't even work like on the card management. You need to do better than this and it good idea to reference other banking applications.",3,2025-11-04,BOA
I like,5,2025-11-02,BOA
ወይ አሻሽሉትና እንጠቀምበት ያለያ ብታጠፉት ይሻላል። በቃ ምንም ነገር አይሰራም መተግበሪያ አለን ብላችሁ እንዳታወሩ ለማንም የማይመከር ቀርፋፋና ተግባር የለሽ መተግበሪያ,1,2025-11-01,BOA
i m sorry but it doesn't work for my android it is too slow but other bank are very fast please update,1,2025-10-30,BOA
"the worst app ever,",1,2025-10-30,BOA
better,5,2025-10-29,BOA
"I kindly request that Bank of abyssinia address issues with its mobile app. It is very slow, has numerous problems, and frequently experiences downtime. The user experience is also poor. Thank you.",1,2025-10-28,BOA
this app can't open? what is problem? please solve my problem?,1,2025-10-28,BOA
kiyaa makonn,5,2025-10-27,BOA
very very lazy app,1,2025-10-26,BOA
telebirr remittance,5,2025-10-24,BOA
The best bank in 🇪🇹,5,2025-10-23,BOA
the worst app in my financial experience.,1,2025-10-22,BOA
good for mb appliciation,5,2025-10-21,BOA
the worst bank ever. slow don't accept dual sim. they are very stupid and greedy,1,2025-10-20,BOA
try to easy network,4,2025-10-17,BOA
hussen hassen umer,5,2025-10-16,BOA
"The app is not suitable and lacks a good UI design. As a large bank, you must update your app with a professional UI that is fast and appropriate.",2,2025-10-16,BOA
an exceptional banking app.,5,2025-10-16,BOA
alhamdulilah,5,2025-10-11,BOA
poor,5,2025-10-11,BOA
Best of best,5,2025-10-09,BOA
from the last week updates the app is not working Please check the problems,1,2025-10-08,BOA
It's always crushing,1,2025-10-08,BOA
office branches have to improve their services please,4,2025-10-07,BOA
♥️♥️,5,2025-10-05,BOA
Why does it keep crashing? I can't even use this. BOA should do better. You have many customers and how to deal with this. I can't send money now.,1,2025-10-05,BOA
it needs a timely update,5,2025-10-03,BOA
"It does not show the name of the person who sent the money to request a receipt. This has become very difficult for us. When different people transfer the same amount to me from different banks, it is very difficult to identify the account or the name of the sender.",3,2025-10-01,BOA
Like,5,2025-10-01,BOA
I can't type my otp on it.,1,2025-10-01,BOA
"most of bank apps in Ethiopia are linked with ethiopian phone number, I live in US permanently so when I open BoA account, I told them where I live and to link it with email address instead of phone # as ethio phone number is not working where I live, unfortunetly my fear appeared and now when I change my phone device, it send the code to the ethio number which is not with me now. so please when u develop bank apps consider the diaspora community to use ur apps",1,2025-10-01,BOA
jaajja,4,2025-09-30,BOA
I love this bank the best experience ever.,5,2025-09-28,BOA
"Nothing has been improved, it doesn't work like the previous version.",1,2025-09-25,BOA
Great,5,2025-09-20,BOA
mobile banking,5,2025-09-19,BOA
😎,5,2025-09-18,BOA
"need alot of connection, chooses device, very lug even when there is connection",1,2025-09-17,BOA
On my ios it's perfect but on android it barley works and don't transfer and after a while it crushed and totally stopped working. Please fix the issue my beloved bank of abyssinia.,1,2025-09-15,BOA
none,5,2025-09-14,BOA
very good app i ever used,5,2025-09-12,BOA
its nice app especially the transaction limit is extended but We face that BoA m.banking app doesn't respond at the activation stage strictly at SMSNG mobile phone. please try this to make safe.,4,2025-09-11,BOA
zedo,5,2025-09-11,BOA
please open my mobile app,5,2025-09-10,BOA
it doesn't open,1,2025-09-10,BOA
Best banking transaction application in Ethiopia !,5,2025-09-05,BOA
السلام عليكم ورحمة الله وبركاته ماشاء الله تبارك الرحمن هذا التطبيق ممتاز جدا,5,2025-09-04,BOA
tamaam kamal,1,2025-09-04,BOA
በጣም ሐሪፍ,5,2025-09-03,BOA
great 👍,5,2025-09-02,BOA
absiniya banki,5,2025-08-29,BOA
has issue after installation and i think it doesn't work with tecno common 30,1,2025-08-26,BOA
One of the best in this business,5,2025-08-25,BOA
Excellent,5,2025-08-20,BOA
unlimited experience,5,2025-08-18,BOA
"as bank, u should at least hire someone good at their job bc this a joke nowadays I can't even log in or even transfer without it crashing if u fix the app I will update this review I am counting on u boa update: so they atleast fixed it but as suggestion can u put password when in final step of sending money it will feel more secure that way",4,2025-08-17,BOA
very nice mobile banking app my favourite,5,2025-08-16,BOA
"it almost never boots up!!! and even if it did, it crashes immediately",1,2025-08-15,BOA
best apps,5,2025-08-15,BOA
the worst app ever to exist in a bank history,1,2025-08-15,BOA
thank you,5,2025-08-14,BOA
Best mobile app in the country,5,2025-08-14,BOA
not fast,2,2025-08-12,BOA
keeps freezing at the front page.,1,2025-08-10,BOA
it is not working on redminote 11 pro+ pls fix it,1,2025-08-08,BOA
abseniya bank app,5,2025-08-08,BOA
yes goode app,5,2025-08-03,BOA
Great App,5,2025-08-02,BOA
1) Crashes repeatedly 2) Takes Century to Boot 3) Repeatedly requires Update which is very annoying. 4) It doesn't ask for Password for one step confirmation when transferring money. 5) Automatically stops music when the app is launched (it doesn't really matter just fyi) Overall this have to be the worst mobile banking app I have tried so far and should not be released with all these bugs & issues.,1,2025-08-02,BOA
ረጀብነሱ,1,2025-07-31,BOA
The Worst Mobile Banking App.,1,2025-07-31,BOA
giod,5,2025-07-30,BOA
best bank in ethiopia,5,2025-07-29,BOA
waqayyoo,5,2025-07-28,BOA
please is not working,2,2025-07-27,BOA
nothing when I need to install the Apk it say that re-up date,5,2025-07-25,BOA
I can log in from any where,5,2025-07-23,BOA
😇,3,2025-07-21,BOA
no proplem,5,2025-07-20,BOA
excellent app,5,2025-07-18,BOA
good work,5,2025-07-15,BOA
☹️,5,2025-07-15,BOA
excellent,5,2025-07-14,BOA
Great BoA,5,2025-07-14,BOA
Okay,4,2025-07-13,BOA
not working,1,2025-07-12,BOA
This App is Getting worse and worse with every update,2,2025-07-11,BOA
ምርጥ ነው,1,2025-07-10,BOA
meku,5,2025-07-07,BOA
awasome app go a head,5,2025-07-04,BOA
it sucks as hell. it crashes most of the time and takes a long time to load .,1,2025-07-03,BOA
Easy and very nice app to load more than the previouse but in recent time some loading problem detected.,5,2025-07-01,BOA
"The worst MBA I have experienced, The app crush frequently and they take to long to fix the problem even more than a week.",1,2025-06-27,BOA
amazing Banks App👌👌,3,2025-06-25,BOA
good App fore me,5,2025-06-25,BOA
"very uninterested it's not working when the ""developer mode on"" i haven't off the developer options i preferred to uninstall your app .....",1,2025-06-24,BOA
fantastic,5,2025-06-22,BOA
👍,4,2025-06-21,BOA
it's nice to use.,5,2025-06-21,BOA
app doesn't start,1,2025-06-21,BOA
Excellent application,5,2025-06-18,BOA
its very bad app its very slow,1,2025-06-17,BOA
ብዙዬ ሺዋየ በለጠ,1,2025-06-15,BOA
Good job!,5,2025-06-13,BOA
best financial app.,5,2025-06-12,BOA
ቆንጆ ነው በርቱ,5,2025-06-11,BOA
the worst app humans ever created,1,2025-06-09,BOA
it's not working,3,2025-06-05,BOA
"Hello, I’m facing a problem with the BOA Mobile app. Every time I enter my phone number and password, the app crashes and shows an error that says “BoaMobile closed because this app has a bug.” I tried updating, reinstalling, and clearing cache, but nothing worked. Please fix this bug in the next update. I really need access to my account. Thank you.",1,2025-06-03,BOA
exceptional,5,2025-06-03,BOA
BoA Mobile good bank,5,2025-06-02,BOA
this is worest app 24/7 loading,1,2025-06-01,BOA
BoA system is confartable,5,2025-06-01,BOA
"this app, for me , is a waste of time. It doesn't work . I can't even long in, and it really piss me off. FIX THE PROBLEM",1,2025-05-27,BOA
Good service.,3,2025-05-25,BOA
the app crush frequently,1,2025-05-24,BOA
You guys keeps getting worst,1,2025-05-22,BOA
"This app is a joke. It crashes more than it works, takes forever to load, and half the features are just decorative at this point. Can’t log in, can’t transfer money, can’t even check my balance without it bugging out. To the developer: Are you actually trying to make this work, or is this some kind of social experiment to test our patience? Did you build this in your sleep? Because it definitely looks like it. If this is your idea of a functional app, maybe consider a different career path🙏",1,2025-05-21,BOA
BoA,2,2025-05-20,BOA
but not opening on android,4,2025-05-19,BOA
Worst App ever. Totally unreliable. And it didn't work at all for the last 4 months.,1,2025-05-18,BOA
"this app does no work on Samsung a51, it just gives a preview of the logo",1,2025-05-11,BOA
"i entered incorrect security question by mistake boa app lock pin forever, why is there no other options? ?? i contacted different branchs more then 4times but they didn't able to solve this issue .",5,2025-05-10,BOA
liking this application good 👍,5,2025-05-07,BOA
"This app future is good, but there is problems with apps to reset and activate it, which is difficult even to the branch staffs, and it takes too long times to active at the branch plus most of the time high expected failure of activation after process at the counter and OTP sent not work",1,2025-05-06,BOA
it's really good 👍,5,2025-04-23,BOA
Bad app . it stuck when you open and noting WORKS.,1,2025-04-23,BOA
"the app isn't working after it asked me the password it starts loading, but it doesn't open",3,2025-04-20,BOA
Best,2,2025-04-19,BOA
"Dashen SuperApp is the best mobile banking application I have ever used. Its user-friendly design, reliability, and wide range of features make it an outstanding digital banking platform. One feature that would make it even better is the ability to open a personal closed saving account directly within the app. Adding this functionality would provide greater convenience, streamline the account-opening process, and further enhance the overall customer experience.",4,2026-07-24,Dashen
nice,5,2026-07-24,Dashen
wow,5,2026-07-23,Dashen
it says invalid request whats wrong with it?,2,2026-07-22,Dashen
cannot be downloadable Master card,3,2026-07-21,Dashen
best app,5,2026-07-20,Dashen
"The Dashen Super App has become one of the best banking apps in Ethiopia. The interface is modern, easy to use, and the app offers many useful services in one place. Money transfers, bill payments, airtime top-ups, and account management are all simple and convenient. The recent updates have noticeably improved the speed and overall user experience. I appreciate Dashen Bank's continuous efforts to innovate and provide secure digital banking. Keep up the great work!",5,2026-07-18,Dashen
"The UI is good, but it's the worst banking app experience. After just two or three incorrect PIN attempts, it locks your account, and you have to visit a branch every time.",1,2026-07-18,Dashen
nice and user friendly,5,2026-07-17,Dashen
when compared this app to CBE&Awash pro CBE&Awash pro is better and simple for using.,3,2026-07-16,Dashen
slow,1,2026-07-15,Dashen
Dashen bank love forever.,5,2026-07-15,Dashen
very nice,5,2026-07-14,Dashen
very good app,5,2026-07-13,Dashen
🙏,5,2026-07-12,Dashen
ower comment is your service is so poor,3,2026-07-12,Dashen
system left me hanging when trying to pay for a service i used,1,2026-07-12,Dashen
"opening new accounts through Fayida is not working at all. Fix it, please 🙏🏼",1,2026-07-12,Dashen
"Very nice app! I really appreciate that it allows customers to register for a bank account using only their phones, without having to visit a bank branch. It's convenient, time-saving, and makes banking much more accessible. Great job!",5,2026-07-11,Dashen
"Great app, unfortunately since the last update, it doesn't run on my phone with LineageOS. The app tells me ""OTP sent to phone"" even if it's sent to my email only.",3,2026-07-11,Dashen
best,5,2026-07-10,Dashen
it is very nice and friendly app,4,2026-07-10,Dashen
ayubeza,5,2026-07-09,Dashen
thank you no word,5,2026-07-09,Dashen
good job,5,2026-07-09,Dashen
The most worest app I everseen in the bank world.,1,2026-07-09,Dashen
"Best UI, Worst UX though",1,2026-07-07,Dashen
i like it,5,2026-07-07,Dashen
cuting edge app,5,2026-07-07,Dashen
very nice app but always request to update,5,2026-07-07,Dashen
supper app...big fixture.!!!,5,2026-07-07,Dashen
it's 👍 good,5,2026-07-06,Dashen
"The application is not sending OTPs promptly, which is causing inconvenience. Additionally, since the recent update, I am unable to open it.",1,2026-07-06,Dashen
didn't work bad app,1,2026-07-06,Dashen
"It has nice outlook but after the app is updated, I can't even login to the app, and It took a week tp receive a money sent from abroad, it's not as fast and reliable for me.",3,2026-07-06,Dashen
"when you release an update to the app leave a choice to skip it and login to resume updating at our desired time, clearly dumb idea for people trying to transfer funds on the go forcing them to install and update in an unknown moments",1,2026-07-06,Dashen
"The most irritating, weak and unreliable app. The first week it works fine the next week it gets scrambled and blocked. The bank doesn't even care to apologize for the frequent drawback.",1,2026-07-06,Dashen
"መጀመሪያ መጠቀም ሲጀምር አሪፍ ሆኖ አግችያለሁ። ሆኖም ግን በJuly 4, 2026 ካዘመንኩ በኋላ በየትኛውም ኔትወርክ አልከፍትም አለኝ። እስከ ሁለት ደቂቃ የሚያህልን ዝም ብሎ ይሸከረከራል። በዚህም በጣም አበሳጭቶኛል።",2,2026-07-06,Dashen
nice application for now,5,2026-07-06,Dashen
The password screen lags and fails to open immediately upon launching the APK,1,2026-07-06,Dashen
To me it is the smartest mobil banking . The fastest and more reliable .Keep it up .,5,2026-07-06,Dashen
Super fast and use friendly,4,2026-07-06,Dashen
ሸጋ አፕ ነው,5,2026-07-06,Dashen
the system is not stable it often stops and loads for a whole day and they dont even notify you when they are going to do maintenance. instead of tiktok marketing maybe solve the issue of the usual system failure to access the app,1,2026-07-06,Dashen
the most worst app in Ethiopian history it never work always update no end result.,1,2026-07-06,Dashen
👍,5,2026-07-06,Dashen
very very poor mobile service,1,2026-07-06,Dashen
authentication sign in is not working after update,1,2026-07-06,Dashen
The most arrogant apps that I have ever used,1,2026-07-06,Dashen
I can't login after an update,1,2026-07-06,Dashen
the worst bank transaction app ever made in Ethiopia you don't access other banks option lol,1,2026-07-06,Dashen
smart app,5,2026-07-06,Dashen
It was the most exceptional application to date; the payment system was user-friendly and provided a consistently pleasant experience on a daily basis.,5,2026-07-06,Dashen
Nice 👍,5,2026-07-05,Dashen
በየጊዜው የተሻሻለውን መጫኑ የበለጠ ቀላልና ለአጠቃቀም ምቹ ስላደረገው በዚሁ ቀጥሉበት።,5,2026-07-05,Dashen
still needs further improvement2,3,2026-07-05,Dashen
much better. the previous version was the worst financial app ever. pain in the a**,4,2026-07-05,Dashen
proud of you,5,2026-07-05,Dashen
Always One Step Ahead 👏👏👏👏,5,2026-07-05,Dashen
nice update,5,2026-07-05,Dashen
excellent,5,2026-07-05,Dashen
customers aproce good 👌,5,2026-07-05,Dashen
User friendly app.,5,2026-07-05,Dashen
አሪፍ ነው,5,2026-07-05,Dashen
Nice App,5,2026-07-05,Dashen
very boring app. It can not work properly. Amole was 100% better than this. There are no any promised updates. Dashen need to give attention to his its customers.,1,2026-07-05,Dashen
So boring and time killing App loading only!!!,1,2026-07-05,Dashen
one step ahead,5,2026-07-04,Dashen
it disactivates and ask to link with the account so often .. even though it seems security thing .. its making me go to the branch like my home to link and activate the app😥,3,2026-07-03,Dashen
tha best bank of ethiopia,5,2026-07-01,Dashen
good,5,2026-07-01,Dashen
not working terrible app,1,2026-07-01,Dashen
The unnecessary tightening of security makes your app unusable. It complains a vpn is running and also doesn't work if developer mode is on. Please review this and take the necessary security actions on your end instead of forcing clients to update their phone settings,3,2026-06-30,Dashen
it needs more adjustment,1,2026-06-28,Dashen
it is good,5,2026-06-27,Dashen
Best for Ethiopia,5,2026-06-26,Dashen
Cool application plus attractive UI,5,2026-06-25,Dashen
Gatkek chuol kang,5,2026-06-25,Dashen
ጥሩ አፕ ነው,5,2026-06-24,Dashen
"Account opening is not working. even the error is not descriptive. just ""something went wrong "".",1,2026-06-22,Dashen
very goods,5,2026-06-20,Dashen
"The Dashen app used to be very good. However, what really frustrates me is that whenever it gets updated—whether automatically or for various other reasons—it often requires me to visit the nearest bank branch. I find this process extremely inconvenient and exhausting. Because of this issue alone, I have reached the point where I am considering stopping the use of the Dashen Super App altogether.",2,2026-06-20,Dashen
dashin best bank one step allways first,5,2026-06-18,Dashen
nice bank,5,2026-06-18,Dashen
good app but app doesn't work by wifi why?,1,2026-06-17,Dashen
ኢ hope,1,2026-06-17,Dashen
"Looks cool but it is very very slow, it has forgot the ultimate purpose... execute things fast, Im not gonna use this shii",1,2026-06-17,Dashen
"I am fed up with Dashen Bank. When I send money to other banks, it gets delayed, and sometimes the money is deducted from my account without being transferred. There is a recurring problem whenever I transfer money from Dashen Bank to other banks.",2,2026-06-17,Dashen
very bad custemer service i hate this company,1,2026-06-11,Dashen
"It's funny how this app has a fancy UI, but it misses some critical sides of processing transactions. Since some recent updates, it is not displaying any transaction completion page after I enter the PIN and confirm the transfers, but it actually is sending the money when I go back and check the balance. It never displays the transaction completion at all. Rather, it sends you back to the receiver account form. This needs a fix.",1,2026-06-11,Dashen
very interesting and useful,5,2026-06-09,Dashen
woooo💪,5,2026-06-09,Dashen
ላየው ነው እስቲ,2,2026-06-05,Dashen
እሄ አፕልኬሽን ከፋይዳጋ አክቲቭ አሎንም አለኝ ችግር አለበት,1,2026-06-05,Dashen
"The UI/UX appears well-designed, but it has some critical issues that need attention, such as the inability to display full transaction histories and the presence of numerous mini-apps within a single card view, making it difficult to locate individual mini-apps easily.",5,2026-06-05,Dashen
"terrible app , very slow and gives no notice . unprofessional",1,2026-06-05,Dashen
🙏🙏🙏 👍👍👍,5,2026-06-05,Dashen
ግን ደህንነቱ የተጠበቀ ነዋ,4,2026-06-04,Dashen
"I am so sorry, and feel bad withvyour mobile app. Note that opened my DB account in very recently and unable to enjoy due to NO reason.",5,2026-05-31,Dashen
annoying app,1,2026-05-31,Dashen
"I am unable to use the application. Even though I made a transaction, it hasn’t been reflected. Customer service is non-existent, and I am completely frustrated with the situation.",1,2026-05-30,Dashen
it was nice,5,2026-05-30,Dashen
"I don't recommend this app. It's the worst mobile banking app I've used. Transactions often fail, making it unreliable. In my experience, I spent about 3 hours trying to complete just 2–3 transactions per week,",1,2026-05-30,Dashen
the app is so slow.Improve its mode of service. Can't update balance inquiry quickly.,2,2026-05-30,Dashen
"The app is good it's easy and fast, but the call center to get help is the worst they won't pick up it's filling like the center is a scam or something else one day I waited for 30 min online it kept ringing.",5,2026-05-29,Dashen
"It's was good, but the network speed of the app is very slow! to be competitive with the companies in the country, i.e.cbe&telebirr.",2,2026-05-28,Dashen
sogood,5,2026-05-27,Dashen
"Compared to other Banks' Apps, this is the poorest one. Sometimes you are obliged to wait for its response for more than 5 minutes.",2,2026-05-27,Dashen
there is error every day,2,2026-05-27,Dashen
wheb I want to open Bank account after rrachunh the accept agreement step it says visit branch. Thats annoying. After all the main reason of opening account online is to not visit branch. Non sense.,1,2026-05-25,Dashen
perfect,5,2026-05-25,Dashen
The old version was much better than the Super App. The Super App has many issues. You should consider rewarding users who report problems to help improve it and truly make it Super,1,2026-05-25,Dashen
"The Dashen Super App is not working as expected. It suddenly stops and prevents users from completing transactions, and this issue can persist for several days. I believe the Super App is not yet scalable. In comparison, Dashen Amole performs better. It would be beneficial to further enhance Amole by adding more features.",1,2026-05-25,Dashen
"it's very bad bank and bad service, A terrible bank with terrible service. This bank is nothing but theft and fraud. I absolutely do not recommend it to anyone. He faced many problems with the bank's services and transfers, and even the ATM did not provide the required service.",1,2026-05-23,Dashen
very fast and nice app,5,2026-05-22,Dashen
Really Amazing!!!,5,2026-05-22,Dashen
it's interesting,5,2026-05-22,Dashen
it's the bast app I have ever used,5,2026-05-21,Dashen
i like you,1,2026-05-21,Dashen
Terrible app. It does not work. I can't use my money for anything. Can't even use the mobile airtime top up. I don't recommend it. Use it at your own risk.,1,2026-05-19,Dashen
you can’t transfer to others banks and it is boring,1,2026-05-18,Dashen
love me,5,2026-05-18,Dashen
"It is a very cool application, but it requires a lot of network data. It also asks for updates too quickly, and it is not very familiar (user-friendly). It would be good if an Amharic option was included for the USSD menu",4,2026-05-17,Dashen
"Misguiding - Claimed anyone can convert ETB to USD for online payments, but not true.",1,2026-05-16,Dashen
ok,5,2026-05-15,Dashen
best app so far. thank you,5,2026-05-15,Dashen
Very Annoying App i tried to open virtual bank account with fayda but in the end it says something went wrong i tried so many times it says something went wrong why???fix it quickly for now i give you 1/5👎👎👎,1,2026-05-14,Dashen
good app but it was doesnt work other bank transfer and require so many updates why,5,2026-05-14,Dashen
"i swear to god , By using this app, I won a Samsung S23 Ultra. Truly, Dashen Bank is one step ahead 👏👏",5,2026-05-14,Dashen
good and easier to used,5,2026-05-14,Dashen
bad mobile banking at all,1,2026-05-13,Dashen
very nice app.,5,2026-05-13,Dashen
very difficult app,1,2026-05-13,Dashen
"Good app, but debit transactions not allowed Why ?",5,2026-05-13,Dashen
"Very bad customer service line. they won't pick up, dialed repeatedly. waited on hold for 20 minutes+. The worst customer service line I have experienced from a big bank.",1,2026-05-12,Dashen
The application booting time is so bad..,3,2026-05-12,Dashen
excelent,5,2026-05-12,Dashen
this app is amaizing,5,2026-05-11,Dashen
fast and very easy to use,5,2026-05-11,Dashen
good but it takes forever to load,4,2026-05-11,Dashen
easy tp use.,5,2026-05-11,Dashen
best app i ever seen,5,2026-05-11,Dashen
it is best but sometime when I need to sign in it request update,3,2026-05-10,Dashen
nice financial app 👌,5,2026-05-10,Dashen
it is terrible and shame update request 3 times a month what is the matter with us?,1,2026-05-09,Dashen
Dashen super app is the latest mobile banking.,5,2026-05-09,Dashen
best but not staple suit and not fast,5,2026-05-09,Dashen
appn keessan kun daddafee update gaafata yeroo gootee garuu password block godhaa maallifi,5,2026-05-09,Dashen
"Dashen Supper up Dashen Bank ,Always one step ahead!",5,2026-05-08,Dashen
top mobile banking app,5,2026-05-08,Dashen
Thank you Dashen Bank,5,2026-05-08,Dashen
dashin bank one step a head,5,2026-05-08,Dashen
Good,5,2026-05-08,Dashen
Nice,5,2026-05-08,Dashen
good app,5,2026-05-08,Dashen
The best mobile super app in Ethiopia specifically I like it's User interface(UI),4,2026-05-08,Dashen
Best app👍,5,2026-05-04,Dashen
yes goode app,5,2026-05-04,Dashen
very interesting,5,2026-05-03,Dashen
Wrong advertisement! You can't open an account using the app.,1,2026-05-01,Dashen
I like it,5,2026-05-01,Dashen
I can't open a bank account It says 'something went wrong',5,2026-04-30,Dashen
"👍👍 አሪፍ ነው ""ለአጠቃም ቀላል ምቹ እና አስተማማኝ ነው ተመችቶኛል 💚💛❤️",5,2026-04-30,Dashen
no faset dashen bsnk,1,2026-04-29,Dashen
it forgets the password in weeks and the biometric password too it says wrong password fix it,1,2026-04-28,Dashen
super,5,2026-04-27,Dashen
"I can't even get into the app just because my Developer mode setting is turned on? why am I getting this message? I'm never turning it off. bye, what a great app😏, it only lasted 3 minutes on my phone (I uninstalled it).",1,2026-04-26,Dashen
wowAmazing Apps,5,2026-04-26,Dashen
great app,5,2026-04-26,Dashen
couldn't open an account onlie. gives me an error repeatedly.,2,2026-04-26,Dashen
I think this app is best compared with other Ethiopian mobile banking apps,5,2026-04-25,Dashen
wow amazing!!!,5,2026-04-24,Dashen
dashen bank super app is incredible !!,3,2026-04-24,Dashen
So great easy wonderfully 😍😍😍,5,2026-04-24,Dashen
super app give alot coin when I shake it zero result😃,1,2026-04-23,Dashen
I realy appreciate it especially virtual card opportunity go a head!👍👍,5,2026-04-23,Dashen
ok👌,5,2026-04-23,Dashen
adegn,5,2026-04-23,Dashen
app size is small and the app is convenient,5,2026-04-22,Dashen
I used this app always,5,2026-04-22,Dashen
good bank Dashen,5,2026-04-22,Dashen
Very reliable.,5,2026-04-22,Dashen
Good app,5,2026-04-22,Dashen
it is excellent and well securried application for using it.,5,2026-04-19,Dashen
The worst mobile banking app ever... I don't think I am ever going to deposit anything from now on if I can't use the app properly. At one point it's working and when you close it and try after 5 minutes it won't even open. A bank this big should be ashamed of not being able to fix it for this long.,1,2026-04-18,Dashen
amazing,5,2026-04-18,Dashen
"i am not interested at all the transaction fee , specially i can't make transaction with wallets..........i thought it was cool ....not interested fix everything and also it have long time loading ufffff",2,2026-04-18,Dashen
The app is not swift and does not use a fast lightweight connection.,2,2026-04-17,Dashen
"I am experiencing a serious issue with the Dashen Super App. I visited a branch and my account was successfully activated. However, shortly after (within about 7 hours), the app started asking me again to visit the branch. In addition, my account balance is not showing even after updating the app, and I can no longer see my account number. This situation is very frustrating, especially after completing the required verification at the branch. The system does not seem stable and it is affecting",1,2026-04-16,Dashen
nice but i ask every week to update.,5,2026-04-16,Dashen
i have used this app starting from the first date that launched it is interested and easiest app next to tellbirr in my experience,5,2026-04-11,Dashen
The worst mobile banking app in Ethiopia🤮🤮🤮,1,2026-04-10,Dashen
it is very Exciting app🙏,5,2026-04-09,Dashen
Transfer to other bank link is still not working .,5,2026-04-09,Dashen
super fast,5,2026-04-08,Dashen
👌👌👌👌,5,2026-04-08,Dashen
it is not working,1,2026-04-07,Dashen
where is the virtual master card you are talking about. are we allowed to have multiple cards since its virtual btw your app is nice,5,2026-04-06,Dashen
Why haven’t you fixed this issue 👇 Temporarily Unavailable We're currently updating this service to improve your experience. It will be restored soon. Thank you for your patience,4,2026-04-06,Dashen
The Best Bank,5,2026-04-05,Dashen
great,5,2026-04-04,Dashen
this dashin super app that I don't recommend anyone use it,1,2026-04-04,Dashen
በዋይፋይ አይሰራም።,1,2026-04-04,Dashen
there is no a system every day,1,2026-04-04,Dashen
You talk much more !! Nothing is UNIQUE THAN OTHER APPS!!!,1,2026-04-04,Dashen
nice app,4,2026-04-01,Dashen
"The app is grand. but it's missing two things. one is the option to see exchange rates and the other is, when opening the app we would love it if there is the option to input your biometrics directly instead of clicking another button to pop it up.",5,2026-03-31,Dashen
i got question why we can't withdraw my remaining 50 birr..... anyother bank let me with draw any amount but dashnbank is kinda of annoying it says it has 50 has to remain are u somekind of theif or tell me how to fix this😡😡,1,2026-03-28,Dashen
very good,5,2026-03-25,Dashen
ምርጥ ነው።,5,2026-03-22,Dashen
👍🏿good,5,2026-03-21,Dashen
amaizing app,5,2026-03-17,Dashen
💯,5,2026-03-17,Dashen
best option,5,2026-03-16,Dashen
like 🥰,5,2026-03-12,Dashen
worst application,1,2026-03-11,Dashen
Excellent,5,2026-03-08,Dashen
so funy,5,2026-03-08,Dashen
Good luck 👍 for my ambition ✔️💯%,4,2026-03-08,Dashen
ዳሸን ሱፐር አፕ ይለያል,5,2026-03-07,Dashen
ሁሌ አይሰራም መሽከርከር ብቻ ባላንስ አያሳይ ትራንስፈር አይሰራ አፑ ራሱ አይከፍት ብር ይቆርጣል እንጂ አይልክ ። ወሬ ብቻ 4 ወር አየውት ወሬ ቲሽ,1,2026-03-05,Dashen
dashen bank super up,5,2026-03-05,Dashen
good but not fast,1,2026-03-03,Dashen
it works all we need but if there is good internet connection.,3,2026-03-01,Dashen
waw,5,2026-02-27,Dashen
yes waw,5,2026-02-26,Dashen
I use this app it's best,5,2026-02-25,Dashen
"What's the problem with VPN?, i use a local VPN and turning that off for this app sucks",1,2026-02-25,Dashen
Thank you. Very nice App.,5,2026-02-25,Dashen
very important,5,2026-02-23,Dashen
"Dashen Bank SuperApp is user‑friendly, fast, and very convenient for daily banking. Transactions are smooth, and the app keeps improving with useful features. A great digital banking experience overall highly recommended.",5,2026-02-23,Dashen
Biometrc authentication is not working in this updated version.,3,2026-02-23,Dashen
One of the best in Ethiopia,5,2026-02-20,Dashen
Mostly slow or doesn't open altogether. A clumsy app,2,2026-02-16,Dashen
"This is painfully very slow to load, switch between accounts and check balances.",1,2026-02-13,Dashen
"the app used to work fine, but the last update ruined something even RTGS transfer isn't working",2,2026-02-10,Dashen
The app is good but sometimes it is lagging,4,2026-02-09,Dashen
please fix the glitch it has bug,3,2026-02-09,Dashen
Problem Everyday! Not even close to other banking apps. Crashing every time and failed to load most of the time!,1,2026-02-09,Dashen
This is the worst mobile banking app I've ever used 😡 please improve it.,1,2026-02-07,Dashen
The most realistic and modernized financial service in ethiopia i recommend every individual to use this application probably. Always one step ahed 💯,5,2026-02-03,Dashen
It's very interesting,5,2026-02-02,Dashen
"The most unreliable, frustrating and worst app I have ever used! imagine being in a restaurant and trying paying bills, but not processing! It is the time you will deeply understand what reliability means.",1,2026-02-01,Dashen
"the amount of times I have gone to the bank to get this thing working is a lot. on top of that, it stops working on a random day which means another bank visit. found it to be unreliable",1,2026-01-31,Dashen
"Disgusting! You can't Buy any goods thinking you will transfer from this app. it is so inconsistent, it is not reliable. The so Called Super app is Super slow. Such a shame! 2/10.",1,2026-01-31,Dashen
መልክ ብቻ,1,2026-01-31,Dashen
"The app is great but please, please do something with the mini statement and the transactions to CBE 🙏🙏🙏",2,2026-01-31,Dashen
please the app is not working properly. fix this problem soon. it's not loading my balance and not able to transfer fund .,3,2026-01-30,Dashen
other bank and telebirr didn't work. Niged Bank is much better,1,2026-01-30,Dashen
It is so boring.....,1,2026-01-30,Dashen
"It is the slowest and most problematic app I have used. The app is often busy and does not open properly. Even when it opens, it fails to display my deposit account balance. I have already updated the app, but the issue is still the same. Dashen, please wake up and fix this.",1,2026-01-30,Dashen
stops working when you need it most.... and its on multiple occasions. and they won't even fix it right away.,1,2026-01-30,Dashen
"This app is so laggy and unreliable, can't even make transaction to wallet or other bank. I tried to reinstall the app now i can't even login to the app",1,2026-01-30,Dashen
yes it's the best app,5,2026-01-29,Dashen
please improve the app function on its not working properly,3,2026-01-29,Dashen
my dashen is really proud,5,2026-01-24,Dashen
the new update asks for a pin again & again its annoying fix it,1,2026-01-24,Dashen
the best design speed attractive 😍 i love this app,5,2026-01-21,Dashen
Good 👍,5,2026-01-21,Dashen
"The user interface and functions are impressive. However, it lags when performing several transactions. It needs attention.",3,2026-01-21,Dashen
it's fast and easy,4,2026-01-20,Dashen
best in class bank,5,2026-01-20,Dashen
it's good,5,2026-01-20,Dashen
Masha Allah this application platform very active and fast so thank you so much future greater than above transaction other customers uster satisfaction regarding to digitalization of Ethiopia 2030 and world 🌎,5,2026-01-19,Dashen
worst bank ever ...,1,2026-01-19,Dashen
dashen: always one stepbahead!,5,2026-01-17,Dashen
higher like the mountain,5,2026-01-16,Dashen
verynice app great,5,2026-01-16,Dashen
Important App,4,2026-01-16,Dashen
please adjust to send to other telebirr wallet,4,2026-01-14,Dashen
ባንችአታላይ ቤዛዊ ትሸዊት ዳሽንባንክ,1,2026-01-10,Dashen
"Dashen supper app is fast ,secure, user-friendly and reliable app that makes managing my daily transaction .This app gives me total control over my accounts with peace of mind.",5,2026-01-09,Dashen
this app good,5,2026-01-09,Dashen
THE WORST BANK. THE WORST APP.,1,2026-01-08,Dashen
satisfied,4,2026-01-03,Dashen
Very bad app I ever saw,1,2026-01-02,Dashen
"Very disappointing app. Other bank transfers don’t work at all I keep getting errors. It’s slow, unreliable, and frustrating Please fix this issue until then, I don’t recommend it",1,2025-12-31,Dashen
best 👌 app,5,2025-12-30,Dashen
"I have been trying repeatedly to send money to my Telebirr wallet and to another account, but your platform completely fails to process the transactions. This has been nothing but a waste of my time and patience. Your system is unreliable and clearly not working as it should. I also contacted your customer service, hoping for support, but they were useless and unprofessional. They showed zero interest in actually solving the problem and offered no meaningful help at all.👎👎👎",1,2025-12-28,Dashen
true app,5,2025-12-27,Dashen
Waw dashen bank my frist choice 👍👍,5,2025-12-26,Dashen
Am satisfied more enough....with Dashen Bank,5,2025-12-26,Dashen
it is a pity that this apk is loosing it purpose and focus diverted. this days it is trash. amole is by far better in serving its purpose,1,2025-12-23,Dashen
telebirr suparapp,5,2025-12-22,Dashen
Very good,5,2025-12-22,Dashen
"the most experienced app, so nice job dashen bank s.c .",5,2025-12-21,Dashen
it's good app I liked,5,2025-12-21,Dashen
"An interesting app; that is convenient, user friendly, fast & so on... w/c leads the banking services to be digitalized locally and be competitive globally at large. We'r proud of DB!!",5,2025-12-20,Dashen
i love dashe supper up. keep up my bank,5,2025-12-19,Dashen
goood app,4,2025-12-17,Dashen
Nice app.,5,2025-12-17,Dashen
dashing bank,5,2025-12-16,Dashen
it is amazing app and also secure,5,2025-12-16,Dashen
This app is vey impressive,5,2025-12-15,Dashen
Great app! Why doesn’t it include digital loan features? Adding this option would be very helpful for customers.,2,2025-12-14,Dashen
"Simple, updated and all enclosive so I prefer it🙏",5,2025-12-12,Dashen
"great app,thanks dashen",5,2025-12-12,Dashen
its good app,5,2025-12-12,Dashen
well,5,2025-12-10,Dashen
it is so fantastic and user friendly app. Bravo Dashen bank thanks.,5,2025-12-09,Dashen
አፑ ቆንጆ ነው ለምንጅነው አሞሌ ላይ ያሉ እሱ ላይ የሌሉት?,3,2025-12-07,Dashen
ilike this app,5,2025-12-07,Dashen
it was perfect but sending money to telebirr isn't available,2,2025-12-06,Dashen
dashen super app easy to use,5,2025-12-05,Dashen
Dashen Bank always one step a head,5,2025-12-05,Dashen
Not good,1,2025-12-05,Dashen
why you always say update.,5,2025-12-04,Dashen
it's very expressive and fast and easy to Use.,5,2025-12-04,Dashen
Dashn Bank is fast and easy,5,2025-12-04,Dashen
this bank is very nice to me,5,2025-12-04,Dashen
it's the best mobile banking app I ever seen,5,2025-12-04,Dashen
ምቹ እና ቀላል ምርጥ መተግበሪያ ነው ወድጄዋለሁ ።,5,2025-12-04,Dashen
than u,5,2025-12-03,Dashen
Interesting App.,5,2025-12-03,Dashen
it takes time to login. but after login its good but sometimes unexpected termination occur in which rises untrust to use usually the app. Because of this am forcely using other bank applications.,3,2025-12-03,Dashen
good jop,5,2025-12-03,Dashen
I always receive excellent service & follow up. they strive to complete customer needs. they always available. I am totally happy with Dashen services given. Thanks. Blessings.,5,2025-12-03,Dashen
ፍፁምውርቁያደቴ,5,2025-12-02,Dashen
ይህ መተግበሪያ በውስጡ የያዘው አገልግሎት ብጣም ጥሩ ነው ነገር ግን በሁሉም የሞባይል device ላይ ሲጫን እና transaction ስንሰራ በጣም ቀርፍፍ እና እዝጋሚ ነው በትንሽ Network መስራት እንዲችል አድርጋቹህ አበልፅጉት አስተካክሉት (customer),3,2025-12-02,Dashen
exelent,5,2025-12-02,Dashen
BeREkT,1,2025-12-02,Dashen
"the is always under mentenance, or temporarily unavailable and they're adding features no one is looking for at the cost of not being able to use the app in the first place.",1,2025-12-02,Dashen
Dashen bank is my first choice it's best bank for me and super app is easy to use anything and it's bery fast.,5,2025-12-02,Dashen
"its Good App when we compare to others but when we enter our code,it takes too long to open the apps fix it please",4,2025-12-01,Dashen
easy to use and comfortable.,5,2025-12-01,Dashen
Great,5,2025-12-01,Dashen
when u release update its always a problem,5,2025-12-01,Dashen
primary choice,5,2025-12-01,Dashen
its use friendly,4,2025-12-01,Dashen
"this app is not good it's, access are limited and u guys are working only on it's graphics we need it for banking activities not for game. make it more active and better its dormant. i don't like it cbe is better than.",1,2025-11-30,Dashen
very smart App easy to use and friendly,5,2025-11-29,Dashen
Very exemplery App to other Bank Aps !,5,2025-11-29,Dashen
It Is An Amazing app,4,2025-11-28,Dashen
"its fast and easy to communicate to the app and its available all area keep it up.i will make Happy for this application thank you dashen bank for your effort,commitment and dedication. i appricated your work.",5,2025-11-26,Dashen
What do you care about my phone's settings? Who are you to tell me what to turn off and on? It is my phone after all. This *develoler option* thing will cost you a lot of users who are willing to leave the bank once and for all. Turn this thing off. 6 you fear this is a security issue fix your side not mine.,1,2025-11-25,Dashen
Exceptional Product.,5,2025-11-23,Dashen
very easy app,3,2025-11-23,Dashen
"The Dashen Super App is very impressive. It is fast, easy to use, and provides smooth access to all essential banking services. Money transfer, bill payment, balance check, and other features work efficiently without issues. The design is clean and user-friendly. Great step forward in digital banking — keep up the good work, Dashen Bank!..",5,2025-11-19,Dashen
በጣም ፈጣን ሥቹ አስተማማኝ ወድጃዋለው,5,2025-11-18,Dashen
"it's a really slow app, I'm not sure what the issue is. Even other bank transfers are not working",2,2025-11-18,Dashen
"it say's disable developer option, i disabled it but its not working still",1,2025-11-17,Dashen
with the super app evry thing i need is just a tap away,5,2025-11-17,Dashen
eyita tips,1,2025-11-15,Dashen
clear and presize,5,2025-11-15,Dashen
smooth and easy!!!,5,2025-11-14,Dashen
I have had an amazing experience with this app;ot os convenient and easy to use,5,2025-11-14,Dashen
"All in One Super App with smooth navigation, transaction and lifestyle services",5,2025-11-14,Dashen
Very nice App.,5,2025-11-14,Dashen
system failure transfer to others account,2,2025-11-13,Dashen
thank you,1,2025-11-13,Dashen
"Only the UI/UX is good, but it doesn't function properly. It's a shame that a leading tech bank has such an app. Amole is far better.",1,2025-11-13,Dashen
"excellent app. to use perfectlly to pay,transfer,tele airtime and so on.",5,2025-11-12,Dashen
wow dashen bank super app,5,2025-11-12,Dashen
"This so-called “Super App” is a complete disappointment. It’s confusing, slow, and full of glitches honestly, it feels like it was designed to test people’s patience, not to help them bank. Calling it “super” is a joke; it’s one of the most useless apps I’ve ever used.",1,2025-11-11,Dashen
very nice app I have ever seen,5,2025-11-10,Dashen
NASTY BANK . EVEN THE SUPPER APP IS NOT WORKING WELL. WHEN I AM CALLING THEM THEY ARE NOT RESPONSE . PLEASE DON'T USE THIS APP BECAUSE YOU WILL LOSS YOU TIME ;ENERGY AND EVERYTHING . HOPELESS Bank .,1,2025-11-10,Dashen
it's good but is not fast,5,2025-11-09,Dashen
your financial system must improved,4,2025-11-09,Dashen
your service is too good,5,2025-11-09,Dashen
good experience,5,2025-11-09,Dashen
"Amazing app, 👏",5,2025-11-07,Dashen
wooow,5,2025-11-07,Dashen
Nice app,5,2025-11-07,Dashen
"easy to use, friendly",5,2025-11-06,Dashen
"12yr more LC, UCP & ICC & loan",5,2025-11-06,Dashen
"not attractive and friendly app. Check Awash, CBE apps",1,2025-11-06,Dashen
amzing,5,2025-11-06,Dashen
"The Dashen Super App is very impressive. It is fast, easy to use, and provides smooth access to all essential banking services. Money transfer, bill payment, balance check, and other features work efficiently without issues. The design is clean and user-friendly. Great step forward in digital banking — keep up the good work, Dashen Bank!",5,2025-11-05,Dashen
betam kerfafa naw,1,2025-11-05,Dashen
exceptional,5,2025-11-05,Dashen
worst app ever,1,2025-11-05,Dashen
"Dashen, always two step ahead.",5,2025-11-05,Dashen
"Please try to fix the barrier between other banks specially with ""Commercial bank of Ethiopia""",3,2025-11-05,Dashen
i am using,5,2025-11-05,Dashen
It is a wonderful App developed by a local talent. It deserves an appreciation. It will continue to evolve with new exciting features.,5,2025-11-05,Dashen
wonderful app,5,2025-11-05,Dashen
"i love the app it features are perfect, but it asks to update too many times to activate your need to visit a nearest branch and that takes time. other than that the app is great I like it",5,2025-11-05,Dashen
go ahead,5,2025-11-05,Dashen
its supper,5,2025-11-04,Dashen
it's so boring,1,2025-11-04,Dashen
Dashen Bank Super App is the latest version of online banking system that is the gift from Dashen bank for us Thanks to Dashen,5,2025-11-04,Dashen
"i rarely leave reviews, but this app truely deserves one.it's efficient ,secure , reliable and makes fanancial tasks effortless.definitely 5 stars for this exceptional app",5,2025-11-04,Dashen
it has improved very much lately its working more and getting better but yet it is not fully fixed some time at night it doesn't work..i think the problem is it was launched too early.,3,2025-11-04,Dashen
Amazing,5,2025-11-03,Dashen
wow dashen bank,5,2025-11-03,Dashen
ብዙ ነጉር ይቀረዋል ወደ አፑ ስገባ በጣም ይዘገያል ባጭሩ ቀርፋፋ ነው,4,2025-11-02,Dashen
"I just updated my app to the latest version and I couldn't even see my balance, send money or do anything. It says service is unavailable and it will be fixed soon.",5,2025-11-01,Dashen
it's too slow,1,2025-11-01,Dashen
"Before the recent update, this app was great. Now, the home page is cluttered with promotions and banners, which really hurts the experience. I think the app stopped being banking app and started only to promote b/c 95% of the app is only ads, also full of bugs",1,2025-11-01,Dashen
"This might be the worst banking app I've ever used I dont know why kind of bug it is but suddenly the apps stops working it says ""Temporarily unavailable"" for a simple feature like viewing account balance and in person visit was no help it took them longer than 2 hours to fix it and even after that 2 weeks later the same problem just because of this I'm going to stop using the bank altogether which is a shame because it's a decent bank",1,2025-11-01,Dashen
app is too slow not opening fast,1,2025-10-31,Dashen
"it's seems to have some improvements, I don't know what's going on with this app sometimes get collapseed. This is not expected from Dashen bank, which is amongst from famous and greatest banks.",1,2025-10-30,Dashen
very nise good,5,2025-10-30,Dashen
what your emplyees tell as about the app when they came to our store and what actually the app is different,1,2025-10-30,Dashen
Excellent promotion,5,2025-10-30,Dashen
viry good,5,2025-10-29,Dashen
"Dashen Bank Super App is incredibly convenient! Easy to use, fast, and reliable – a great app to manage everything in one place.",5,2025-10-29,Dashen
it is the worst app ever istg 🤮🤮🤮,1,2025-10-29,Dashen
"Dashen Super App is a game-changer with its sleek, user-friendly interface. Lightning-fast responses and seamless navigation make every task a breeze. Love the organized layout and clear features that save time daily. Fantastic work—highly recommended for effortless banking!",5,2025-10-28,Dashen
"The design is clean and modern, and everything works smoothly without bugs. I love how reliable the app is it makes banking so convenient.",5,2025-10-28,Dashen
"A true banking super app! The Dashen Super App combines great design, security, and an impressive range of features. Highly recommended for anyone looking for a complete digital banking experience.",5,2025-10-28,Dashen
"​I appreciate that this app allowed me to access multiple services in one centralized place. Thank you, Dashen Bank!",5,2025-10-28,Dashen
"This app makes my day-to-day payments so easy. Everything works perfectly, and it saves me a lot of time.",5,2025-10-28,Dashen
It’s impressive how consistently the app is improving. I’ve been using it for months and they have improved a lot in terms of not only beauty but also performance wise.,5,2025-10-28,Dashen
This app has replaced several others for me. It has everything I need in one place.,5,2025-10-28,Dashen
"The app has evolved impressively over time. The latest release adds dark and light modes that enhance usability and design. It’s intuitive, modern, and clearly built with the user in mind — setting a new benchmark for digital banking.",5,2025-10-28,Dashen
"Dashen superapp just keeps improving. The new theme options are beautiful, and the overall experience is faster and smoother than ever",5,2025-10-28,Dashen
I have been using this app for months and its easy to use and is user friendly thanks Dashen bank.,5,2025-10-28,Dashen
"Finally, banking made simple! Everything I need is in one super app. A true game changer for managing my finances on the go.",5,2025-10-28,Dashen
"I’ve been using the the App, and it’s been working really well for my daily transactions. Good work 👌",5,2025-10-28,Dashen
"I appreciate how secure this app feels. Every transaction comes with confirmation, and I always get alerts immediately.",5,2025-10-28,Dashen
I love the new dark theme it gives the app modern feel n make it more comfortable to use,5,2025-10-28,Dashen
"This is amazing app, as it name ,truly supper.",5,2025-10-28,Dashen
This is one of the most user friendly and impressive apps I have encountered in the banking sector,5,2025-10-28,Dashen
"Amazing UI and UX, the dark mode looks absolutely awesome!",5,2025-10-28,Dashen
The updated design looks amazing. I really appreciate being able to switch between dark and light mode it’s a small change that makes a big difference!,5,2025-10-28,Dashen
Astonishing interface with ease of access and complete performance,5,2025-10-28,Dashen
"I rarely leave reviews, but this app truly deserves one. It’s efficient, secure, and makes financial tasks effortless. Definitely a 5-star experience",5,2025-10-28,Dashen
stunning UI with reliable service!,5,2025-10-28,Dashen
"Super Up is the ultimate digital banking app, living up to its name with speed, efficiency, and innovation. Designed for a seamless experience, it offers lightning-fast transactions, top-tier security, and effortless financial management. With Super Up, banking has never been this smooth, smart, and super!",5,2025-10-27,Dashen
"The UI is impressive, but adding an ATM withdrawal feature for cardless cash access would enhance functionality. This may require updates to the ATM system as well. Please consider this, dev team.",4,2025-10-22,Dashen
convinent,5,2025-10-22,Dashen
it is Excellent April jest continue more abeaten.....,4,2025-10-19,Dashen
abdrug bentahuuuu,3,2025-10-17,Dashen
"Dashen SuperApp is the worst app for me because it consistently fails during transfers. When I try to send money, the transaction freezes for extended periods—sometimes a full day, and often two or three days or more. Crucially, the funds are neither delivered to the recipient nor immediately refunded to my account, which is incredibly frustrating and makes me feel like I've lost my money. The app urgently needs a technical update to ensure transactions process smoothly and reliably.",1,2025-10-14,Dashen
